DROP DATABASE IF EXISTS BiorelaisBDD;

CREATE DATABASE IF NOT EXISTS BiorelaisBDD;
USE BiorelaisBDD;
# -----------------------------------------------------------------------------
#       TABLE : USER
# -----------------------------------------------------------------------------

CREATE TABLE IF NOT EXISTS USER
 (
   EMAIL CHAR(25) NOT NULL  ,
   NOM CHAR(15) NULL  ,
   PRENOM CHAR(15) NULL  ,
   MDP CHAR(24) NULL
   , PRIMARY KEY (EMAIL)
 )
 comment = "";

# -----------------------------------------------------------------------------
#       TABLE : COMMANDE
# -----------------------------------------------------------------------------

CREATE TABLE IF NOT EXISTS COMMANDE
 (
   NUMCOMMANDE CHAR(32) NOT NULL  ,
   EMAIL CHAR(25) NOT NULL  ,
   DATECOMMANDE DATE NULL  ,
   ETAT CHAR(32) NULL
   , PRIMARY KEY (NUMCOMMANDE)
 )
 comment = "";

# -----------------------------------------------------------------------------
#       INDEX DE LA TABLE COMMANDE
# -----------------------------------------------------------------------------


CREATE  INDEX I_FK_COMMANDE_CLIENT
     ON COMMANDE (EMAIL ASC);

# -----------------------------------------------------------------------------
#       TABLE : PRODUCTEUR
# -----------------------------------------------------------------------------

CREATE TABLE IF NOT EXISTS PRODUCTEUR
 (
   EMAIL CHAR(25) NOT NULL  ,
   NOM CHAR(32) NOT NULL  ,
   ADRESSE CHAR(32) NULL  ,
   DESCRIPTIF CHAR(54) NULL  ,
   PRENOM TEXT NULL  ,
   MDP TEXT NULL
   , PRIMARY KEY (EMAIL)
 )
 comment = "";

# -----------------------------------------------------------------------------
#       INDEX DE LA TABLE PRODUCTEUR
# -----------------------------------------------------------------------------


CREATE  INDEX I_FK_PRODUCTEUR_VILLE
     ON PRODUCTEUR (NOM ASC);

# -----------------------------------------------------------------------------
#       TABLE : RESPONSABLE
# -----------------------------------------------------------------------------

CREATE TABLE IF NOT EXISTS RESPONSABLE
 (
   EMAIL CHAR(25) NOT NULL  ,
   NOM TEXT NULL  ,
   PRENOM TEXT NULL  ,
   MDP TEXT NULL
   , PRIMARY KEY (EMAIL)
 )
 comment = "";

# -----------------------------------------------------------------------------
#       TABLE : VILLE
# -----------------------------------------------------------------------------

CREATE TABLE IF NOT EXISTS VILLE
 (
   NOM CHAR(32) NOT NULL  ,
   CODEPOSTAL CHAR(5) NULL
   , PRIMARY KEY (NOM)
 )
 comment = "";

# -----------------------------------------------------------------------------
#       TABLE : CLIENT
# -----------------------------------------------------------------------------

CREATE TABLE IF NOT EXISTS CLIENT
 (
   EMAIL CHAR(25) NOT NULL  ,
   NOM TEXT NULL  ,
   PRENOM TEXT NULL  ,
   MDP TEXT NULL
   , PRIMARY KEY (EMAIL)
 )
 comment = "";

# -----------------------------------------------------------------------------
#       TABLE : PRODUIT
# -----------------------------------------------------------------------------

CREATE TABLE IF NOT EXISTS PRODUIT
 (
   CODE CHAR(32) NOT NULL  ,
   NOM CHAR(32) NULL  ,
   TYPEPRODUIT CHAR(32) NOT NULL
   , PRIMARY KEY (CODE)
 )
 comment = "";

# -----------------------------------------------------------------------------
#       TABLE : SEMAINE
# -----------------------------------------------------------------------------

CREATE TABLE IF NOT EXISTS SEMAINE
 (
   NUMSEMAINE CHAR(32) NOT NULL ,
   DATEDEBUTDEPOT DATE NULL,
   DATEDEBUTACHAT DATE NULL  ,
   DATEFINACHAT DATE NULL
   , PRIMARY KEY (NUMSEMAINE)
 )
 comment = "";

# -----------------------------------------------------------------------------
#       TABLE : COMMANDER
# -----------------------------------------------------------------------------

CREATE TABLE IF NOT EXISTS COMMANDER
 (
   CODE CHAR(32) NOT NULL  ,
   NUMCOMMANDE CHAR(32) NOT NULL  ,
   QUANTITE CHAR(32) NULL
   , PRIMARY KEY (CODE,NUMCOMMANDE)
 )
 comment = "";

# -----------------------------------------------------------------------------
#       INDEX DE LA TABLE COMMANDER
# -----------------------------------------------------------------------------


CREATE  INDEX I_FK_COMMANDER_PRODUIT
     ON COMMANDER (CODE ASC);

CREATE  INDEX I_FK_COMMANDER_COMMANDE
     ON COMMANDER (NUMCOMMANDE ASC);

# -----------------------------------------------------------------------------
#       TABLE : VENDRE
# -----------------------------------------------------------------------------

CREATE TABLE IF NOT EXISTS VENDRE
 (
   EMAIL CHAR(32) NOT NULL  ,
   CODE CHAR(32) NOT NULL  ,
   NUMSEMAINE CHAR(32) NOT NULL  ,
   PRIX CHAR(32) NULL  ,
   QUANTITE CHAR(32) NULL
   , PRIMARY KEY (CODE,NUMSEMAINE,EMAIL)
 )
 comment = "";

# -----------------------------------------------------------------------------
#       INDEX DE LA TABLE VENDRE
# -----------------------------------------------------------------------------
CREATE  INDEX I_FK_VENDRE_PRODUCTEUR
     ON VENDRE (EMAIL ASC);

CREATE  INDEX I_FK_VENDRE_PRODUIT
     ON VENDRE (CODE ASC);

CREATE  INDEX I_FK_VENDRE_SEMAINE
     ON VENDRE (NUMSEMAINE ASC);

# -----------------------------------------------------------------------------
#       TABLE : TYPEPRODUIT
# -----------------------------------------------------------------------------

CREATE TABLE IF NOT EXISTS TYPEPRODUIT
 (
   CODE CHAR(32) NOT NULL  ,
   LIBELLE CHAR(32) NULL
   , PRIMARY KEY (CODE)
 )
 comment = "";
# -----------------------------------------------------------------------------
#       INDEX DE LA TABLE TYPEPRODUIT
# -----------------------------------------------------------------------------


CREATE  INDEX I_FK_TYPE_PRODUIT
     ON TYPEPRODUIT (CODE ASC);


# -----------------------------------------------------------------------------
#       CREATION DES REFERENCES DE TABLE
# -----------------------------------------------------------------------------

ALTER TABLE TYPEPRODUIT
  ADD FOREIGN KEY FK_TYPEPRODUIT_PRODUIT (CODE)
      REFERENCES PRODUIT (CODE) ;

ALTER TABLE COMMANDE
  ADD FOREIGN KEY FK_COMMANDE_CLIENT (EMAIL)
      REFERENCES CLIENT (EMAIL) ;


ALTER TABLE PRODUCTEUR
  ADD FOREIGN KEY FK_PRODUCTEUR_VILLE (NOM)
      REFERENCES VILLE (NOM) ;


ALTER TABLE PRODUCTEUR
  ADD FOREIGN KEY FK_PRODUCTEUR_USER (EMAIL)
      REFERENCES USER (EMAIL) ;


ALTER TABLE RESPONSABLE
  ADD FOREIGN KEY FK_RESPONSABLE_USER (EMAIL)
      REFERENCES USER (EMAIL) ;


ALTER TABLE CLIENT
  ADD FOREIGN KEY FK_CLIENT_USER (EMAIL)
      REFERENCES USER (EMAIL) ;

ALTER TABLE COMMANDER
  ADD FOREIGN KEY FK_COMMANDER_PRODUIT (CODE)
      REFERENCES PRODUIT (CODE) ;


ALTER TABLE COMMANDER
  ADD FOREIGN KEY FK_COMMANDER_COMMANDE (NUMCOMMANDE)
      REFERENCES COMMANDE (NUMCOMMANDE) ;

ALTER TABLE VENDRE
  ADD FOREIGN KEY FK_VENDRE_PRODUCTEUR (EMAIL)
      REFERENCES PRODUCTEUR (EMAIL) ;

ALTER TABLE VENDRE
  ADD FOREIGN KEY FK_VENDRE_PRODUIT (CODE)
      REFERENCES PRODUIT (CODE) ;


ALTER TABLE VENDRE
  ADD FOREIGN KEY FK_VENDRE_SEMAINE (NUMSEMAINE)
      REFERENCES SEMAINE (NUMSEMAINE) ;

INSERT INTO `biorelaisbdd`.`user` (`EMAIL`, `NOM`, `PRENOM`, `MDP`) VALUES ('beuquila.jeremy@gmail.com', '', '', ''),
('romain.daros@gmail.com', '', '', ''),
('samuel.belondrade@gmail.com', '', '', ''),
('pro1@bio.fr', NULL, NULL, NULL),
('Admin@modo.com', NULL, NULL, NULL);

INSERT INTO `biorelaisbdd`.`client` (`EMAIL`, `NOM`, `PRENOM`, `MDP`) VALUES
('beuquila.jeremy@gmail.com', 'beuquila', 'jeremy', 'beuquila'),
('romain.da-ros@laposte.net', 'daros', 'Romain', 'daros'),
('samuel.belondrade@gmail.com', 'belondrade', 'Samuel', 'belondrade');

INSERT INTO `biorelaisbdd`.`producteur` (`EMAIL`, `NOM`, `ADRESSE`,`DESCRIPTIF`, `PRENOM`, `MDP`) VALUES
('prod1@bio.fr', 'La Ferme bio', '5 lieu dit des abricots','Ferme bio','La Ferme bio', 'azerty'),
('prod2@bio.fr', 'Les jardins du Bio', '7 rue du chateau d\'eau','agriculteur-producteur','Les jardins du Bio', 'qsdfg'),
('prod3@bio.fr', 'L\'art du bio', '20 allée des fleurs','fruits et légumes','L\'art du bio', 'wxcvb'),
('prod4@bio.fr', 'Saveur Bio', '76 bis route des anges','Boulagerie bio','Saveur Bio', 'poiuy'),
('prod5@bio.fr', 'Ma chaine du Bio ', '10 rue de la paix','De tout','Ma chaine du Bio ', 'mlkjh');

INSERT INTO `biorelaisbdd`.`responsable` (`EMAIL`, `NOM`, `PRENOM`, `MDP`) VALUES
('Admin@modo.com', 'modo', 'admin', 'admin');


INSERT INTO `ville` (`NOM`, `CODEPOSTAL`) VALUES
('Bordeaux','33000'),
('Talence','33000'),
('Pessac','33000'),
('Lormont','33000'),
('Cenon','33000'),
('Merignac','33000');

INSERT INTO `typeproduit` (`CODE`, `LIBELLE`) VALUES
('LEG', 'légumes'),
('FRT', 'fruits'),
('POI', 'poisson'),
('VAD', 'viande'),
('BOU', 'boulangerie'),
('PAT', 'pâtisserie');

INSERT INTO `produit` (`CODE`, `NOM`, `TYPEPRODUIT`) VALUES
('TOM', 'tomate', 'LEG'),
('COURG', 'courgette', 'LEG'),
('CAR', 'carotte', 'LEG'),
('ABR', 'abricot', 'FRT'),
('POM', 'pomme', 'FRT'),
('FRI', 'fraise', 'FRT'),
('COK', 'Cookies', 'PAT'),
('BRN', 'Brownie', 'PAT'),
('AGN', 'Agneau', 'VAD'),
('ANA', 'Ananas', 'FRT'),
('BGT', 'Baguette', 'BOU'),
('BAR', 'Bar', 'POI'),
('BOE', 'Boeuf', 'VAD'),
('BRO', 'Brocoli', 'LEG'),
('CAB', 'Cabillaud', 'POI'),
('CAS', 'Cassis', 'FRT'),
('CEL', 'Celeri', 'LEG'),
('CER', 'Cerise', 'FRT'),
('CHO', 'Chocolatine', 'PAT'),
('CHF', 'Choux fleur', 'LEG'),
('CIT', 'Citrouille', 'LEG'),
('CRA', 'Crabe', 'POI'),
('CRE', 'Crepes', 'PAT'),
('CRV', 'Crevette', 'POI'),
('CRO', 'Croissant', 'PAT'),
('DBG', 'Demi baguette', 'BOU'),
('FRA', 'Framboise', 'FRT'),
('HAR', 'Haricot', 'LEG'),
('LIT', 'Litchi', 'FRT'),
('MAI', 'Mais', 'LEG'),
('MER', 'Merlu', 'POI'),
('OIG', 'Oignon', 'LEG'),
('PAR', 'Pain aux raisins', 'PAT'),
('PAC', 'Pain aux cereales', 'BOU'),
('PBL', 'Pain blanc', 'BOU'),
('PBR', 'Pain brioche', 'BOU'),
('PRD', 'Pain rond', 'BOU'),
('PEC', 'Peche', 'FRT'),
('POI', 'Poire', 'FRT'),
('PDT', 'Pomme de terre', 'LEG'),
('POU', 'Poulet', 'VAD'),
('PRN', 'prune', 'FRT'),
('RAD', 'radi', 'LEG'),
('RAI', 'raie', 'POI'),
('RDP', 'Roti de porc', 'VAD'),
('SAU', 'Saucisse', 'VAD'),
('SAUC', 'Saucisson', 'VAD'),
('THO', 'thon', 'POI'),
('TRU', 'truite', 'POI');

INSERT INTO `vendre` (`EMAIL`,`CODE`, `NUMSEMAINE`, `PRIX`,`QUANTITE`) VALUES
('prod1@bio.fr','MER', 'S1', '5.6','18'),
('prod2@bio.fr','BRN', 'S1', '4.9','12'),
('prod3@bio.fr','CRE', 'S1', '2.8','16'),
('prod4@bio.fr','DBG', 'S1', '1','21'),
('prod5@bio.fr','BGT', 'S1', '4.9','0'),
('prod1@bio.fr','BRO', 'S1', '6.3','7'),
('prod2@bio.fr','CIT', 'S1', '5.7','24'),
('prod3@bio.fr','POM', 'S1', '6.3','0'),
('prod4@bio.fr','CEL', 'S1', '3.3','22'),
('prod5@bio.fr','PAC', 'S1', '2','4'),
('prod1@bio.fr','PEC', 'S1', '3.4','45'),
('prod2@bio.fr','RAD', 'S1', '3.2','46'),
('prod3@bio.fr','PAR','S1', '2.1','84'),
('prod4@bio.fr','ANA', 'S1', '1.5','42'),
('prod5@bio.fr','FRA', 'S1', '5.2','4'),
('prod1@bio.fr','BAR', 'S1', '5.5','6'),
('prod2@bio.fr','FRI', 'S1', '2.3','45'),
('prod3@bio.fr','AGN', 'S1', '4.7','2'),
('prod4@bio.fr','CHF','S1', '8.6','35'),
('prod5@bio.fr','OIG', 'S1', '2.7','6'),
('prod1@bio.fr','COURG', 'S1', '1.6','78'),
('prod1@bio.fr','MER', 'S2', '5.6','18'),
('prod2@bio.fr','BRN', 'S2', '4.9','12'),
('prod3@bio.fr','CRE', 'S2', '2.8','16'),
('prod4@bio.fr','DBG', 'S2', '1','21'),
('prod5@bio.fr','BGT', 'S2', '4.9','0'),
('prod1@bio.fr','BRO', 'S2', '6.3','7'),
('prod2@bio.fr','CIT', 'S2', '5.7','24'),
('prod3@bio.fr','POM', 'S2', '6.3','0'),
('prod4@bio.fr','CEL', 'S2', '3.3','22'),
('prod5@bio.fr','PAC', 'S2', '2','4'),
('prod1@bio.fr','PEC', 'S2', '3.4','45'),
('prod2@bio.fr','RAD', 'S2', '3.2','46'),
('prod3@bio.fr','PAR','S2', '2.1','84'),
('prod4@bio.fr','ANA', 'S2', '1.5','42'),
('prod5@bio.fr','FRA', 'S2', '5.2','4'),
('prod1@bio.fr','BAR', 'S2', '5.5','6'),
('prod2@bio.fr','FRI', 'S2', '2.3','45'),
('prod3@bio.fr','AGN', 'S2', '4.7','2'),
('prod4@bio.fr','CHF','S2', '8.6','35'),
('prod5@bio.fr','OIG', 'S2', '2.7','6'),
('prod1@bio.fr','COURG', 'S2', '1.6','78'),
('prod1@bio.fr','MER', 'S3', '5.6','18'),
('prod2@bio.fr','BRN', 'S3', '4.9','12'),
('prod3@bio.fr','CRE', 'S3', '2.8','16'),
('prod4@bio.fr','DBG', 'S3', '1','21'),
('prod5@bio.fr','BGT', 'S3', '4.9','0'),
('prod1@bio.fr','BRO', 'S3', '6.3','7'),
('prod2@bio.fr','CIT', 'S3', '5.7','24'),
('prod3@bio.fr','POM', 'S3', '6.3','0'),
('prod4@bio.fr','CEL', 'S3', '3.3','22'),
('prod5@bio.fr','PAC', 'S3', '2','4'),
('prod1@bio.fr','PEC', 'S3', '3.4','45'),
('prod2@bio.fr','RAD', 'S3', '3.2','46'),
('prod3@bio.fr','PAR','S3', '2.1','84'),
('prod4@bio.fr','ANA', 'S3', '1.5','42'),
('prod5@bio.fr','FRA', 'S3', '5.2','4'),
('prod1@bio.fr','BAR', 'S3', '5.5','6'),
('prod2@bio.fr','FRI', 'S3', '2.3','45'),
('prod3@bio.fr','AGN', 'S3', '4.7','2'),
('prod4@bio.fr','CHF','S3', '8.6','35'),
('prod5@bio.fr','OIG', 'S3', '2.7','6'),
('prod1@bio.fr','COURG', 'S3', '1.6','78'),
('prod1@bio.fr','MER', 'S4', '5.6','18'),
('prod2@bio.fr','BRN', 'S4', '4.9','12'),
('prod3@bio.fr','CRE', 'S4', '2.8','16'),
('prod4@bio.fr','DBG', 'S4', '1','21'),
('prod5@bio.fr','BGT', 'S4', '4.9','0'),
('prod1@bio.fr','BRO', 'S4', '6.3','7'),
('prod2@bio.fr','CIT', 'S4', '5.7','24'),
('prod3@bio.fr','POM', 'S4', '6.3','0'),
('prod4@bio.fr','CEL', 'S4', '3.3','22'),
('prod5@bio.fr','PAC', 'S4', '2','4'),
('prod1@bio.fr','PEC', 'S4', '3.4','45'),
('prod2@bio.fr','RAD', 'S4', '3.2','46'),
('prod3@bio.fr','PAR','S4', '2.1','84'),
('prod4@bio.fr','ANA', 'S4', '1.5','42'),
('prod5@bio.fr','FRA', 'S4', '5.2','4'),
('prod1@bio.fr','BAR', 'S4', '5.5','6'),
('prod2@bio.fr','FRI', 'S4', '2.3','45'),
('prod3@bio.fr','AGN', 'S4', '4.7','2'),
('prod4@bio.fr','CHF','S4', '8.6','35'),
('prod5@bio.fr','OIG', 'S4', '2.7','6'),
('prod1@bio.fr','COURG', 'S4', '1.6','78'),
('prod1@bio.fr','MER', 'S5', '5.6','18'),
('prod2@bio.fr','BRN', 'S5', '4.9','12'),
('prod3@bio.fr','CRE', 'S5', '2.8','16'),
('prod4@bio.fr','DBG', 'S5', '1','21'),
('prod5@bio.fr','BGT', 'S5', '4.9','0'),
('prod1@bio.fr','BRO', 'S5', '6.3','7'),
('prod2@bio.fr','CIT', 'S5', '5.7','24'),
('prod3@bio.fr','POM', 'S5', '6.3','0'),
('prod4@bio.fr','CEL', 'S5', '3.3','22'),
('prod5@bio.fr','PAC', 'S5', '2','4'),
('prod1@bio.fr','PEC', 'S5', '3.4','45'),
('prod2@bio.fr','RAD', 'S5', '3.2','46'),
('prod3@bio.fr','PAR','S5', '2.1','84'),
('prod4@bio.fr','ANA', 'S5', '1.5','42'),
('prod5@bio.fr','FRA', 'S5', '5.2','4'),
('prod1@bio.fr','BAR', 'S5', '5.5','6'),
('prod2@bio.fr','FRI', 'S5', '2.3','45'),
('prod3@bio.fr','AGN', 'S5', '4.7','2'),
('prod4@bio.fr','CHF','S5', '8.6','35'),
('prod5@bio.fr','OIG', 'S5', '2.7','6'),
('prod1@bio.fr','COURG', 'S5', '1.6','78'),
('prod1@bio.fr','MER', 'S6', '5.6','18'),
('prod2@bio.fr','BRN', 'S6', '4.9','12'),
('prod3@bio.fr','CRE', 'S6', '2.8','16'),
('prod4@bio.fr','DBG', 'S6', '1','21'),
('prod5@bio.fr','BGT', 'S6', '4.9','0'),
('prod1@bio.fr','BRO', 'S6', '6.3','7'),
('prod2@bio.fr','CIT', 'S6', '5.7','24'),
('prod3@bio.fr','POM', 'S6', '6.3','0'),
('prod4@bio.fr','CEL', 'S6', '3.3','22'),
('prod5@bio.fr','PAC', 'S6', '2','4'),
('prod1@bio.fr','PEC', 'S6', '3.4','45'),
('prod2@bio.fr','RAD', 'S6', '3.2','46'),
('prod3@bio.fr','PAR','S6', '2.1','84'),
('prod4@bio.fr','ANA', 'S6', '1.5','42'),
('prod5@bio.fr','FRA', 'S6', '5.2','4'),
('prod1@bio.fr','BAR', 'S6', '5.5','6'),
('prod2@bio.fr','FRI', 'S6', '2.3','45'),
('prod3@bio.fr','AGN', 'S6', '4.7','2'),
('prod4@bio.fr','CHF','S6', '8.6','35'),
('prod5@bio.fr','OIG', 'S6', '2.7','6'),
('prod1@bio.fr','COURG', 'S6', '1.6','78'),
('prod1@bio.fr','MER', 'S7', '5.6','18'),
('prod2@bio.fr','BRN', 'S7', '4.9','12'),
('prod3@bio.fr','CRE', 'S7', '2.8','16'),
('prod4@bio.fr','DBG', 'S7', '1','21'),
('prod5@bio.fr','BGT', 'S7', '4.9','0'),
('prod1@bio.fr','BRO', 'S7', '6.3','7'),
('prod2@bio.fr','CIT', 'S7', '5.7','24'),
('prod3@bio.fr','POM', 'S7', '6.3','0'),
('prod4@bio.fr','CEL', 'S7', '3.3','22'),
('prod5@bio.fr','PAC', 'S7', '2','4'),
('prod1@bio.fr','PEC', 'S7', '3.4','45'),
('prod2@bio.fr','RAD', 'S7', '3.2','46'),
('prod3@bio.fr','PAR','S7', '2.1','84'),
('prod4@bio.fr','ANA', 'S7', '1.5','42'),
('prod5@bio.fr','FRA', 'S7', '5.2','4'),
('prod1@bio.fr','BAR', 'S7', '5.5','6'),
('prod2@bio.fr','FRI', 'S7', '2.3','45'),
('prod3@bio.fr','AGN', 'S7', '4.7','2'),
('prod4@bio.fr','CHF','S7', '8.6','35'),
('prod5@bio.fr','OIG', 'S7', '2.7','6'),
('prod1@bio.fr','COURG', 'S7', '1.6','78'),
('prod1@bio.fr','MER', 'S8', '5.6','18'),
('prod2@bio.fr','BRN', 'S8', '4.9','12'),
('prod3@bio.fr','CRE', 'S8', '2.8','16'),
('prod4@bio.fr','DBG', 'S8', '1','21'),
('prod5@bio.fr','BGT', 'S8', '4.9','0'),
('prod1@bio.fr','BRO', 'S8', '6.3','7'),
('prod2@bio.fr','CIT', 'S8', '5.7','24'),
('prod3@bio.fr','POM', 'S8', '6.3','0'),
('prod4@bio.fr','CEL', 'S8', '3.3','22'),
('prod5@bio.fr','PAC', 'S8', '2','4'),
('prod1@bio.fr','PEC', 'S8', '3.4','45'),
('prod2@bio.fr','RAD', 'S8', '3.2','46'),
('prod3@bio.fr','PAR','S8', '2.1','84'),
('prod4@bio.fr','ANA', 'S8', '1.5','42'),
('prod5@bio.fr','FRA', 'S8', '5.2','4'),
('prod1@bio.fr','BAR', 'S8', '5.5','6'),
('prod2@bio.fr','FRI', 'S8', '2.3','45'),
('prod3@bio.fr','AGN', 'S8', '4.7','2'),
('prod4@bio.fr','CHF','S8', '8.6','35'),
('prod5@bio.fr','OIG', 'S8', '2.7','6'),
('prod1@bio.fr','COURG', 'S8', '1.6','78'),
('prod1@bio.fr','MER', 'S9', '5.6','18'),
('prod2@bio.fr','BRN', 'S9', '4.9','12'),
('prod3@bio.fr','CRE', 'S9', '2.8','16'),
('prod4@bio.fr','DBG', 'S9', '1','21'),
('prod5@bio.fr','BGT', 'S9', '4.9','0'),
('prod1@bio.fr','BRO', 'S9', '6.3','7'),
('prod2@bio.fr','CIT', 'S9', '5.7','24'),
('prod3@bio.fr','POM', 'S9', '6.3','0'),
('prod4@bio.fr','CEL', 'S9', '3.3','22'),
('prod5@bio.fr','PAC', 'S9', '2','4'),
('prod1@bio.fr','PEC', 'S9', '3.4','45'),
('prod2@bio.fr','RAD', 'S9', '3.2','46'),
('prod3@bio.fr','PAR','S9', '2.1','84'),
('prod4@bio.fr','ANA', 'S9', '1.5','42'),
('prod5@bio.fr','FRA', 'S9', '5.2','4'),
('prod1@bio.fr','BAR', 'S9', '5.5','6'),
('prod2@bio.fr','FRI', 'S9', '2.3','45'),
('prod3@bio.fr','AGN', 'S9', '4.7','2'),
('prod4@bio.fr','CHF','S9', '8.6','35'),
('prod5@bio.fr','OIG', 'S9', '2.7','6'),
('prod1@bio.fr','COURG', 'S9', '1.6','78'),
('prod1@bio.fr','MER', 'S10', '5.6','18'),
('prod2@bio.fr','BRN', 'S10', '4.9','12'),
('prod3@bio.fr','CRE', 'S10', '2.8','16'),
('prod4@bio.fr','DBG', 'S10', '1','21'),
('prod5@bio.fr','BGT', 'S10', '4.9','0'),
('prod1@bio.fr','BRO', 'S10', '6.3','7'),
('prod2@bio.fr','CIT', 'S10', '5.7','24'),
('prod3@bio.fr','POM', 'S10', '6.3','0'),
('prod4@bio.fr','CEL', 'S10', '3.3','22'),
('prod5@bio.fr','PAC', 'S10', '2','4'),
('prod1@bio.fr','PEC', 'S10', '3.4','45'),
('prod2@bio.fr','RAD', 'S10', '3.2','46'),
('prod3@bio.fr','PAR','S10', '2.1','84'),
('prod4@bio.fr','ANA', 'S10', '1.5','42'),
('prod5@bio.fr','FRA', 'S10', '5.2','4'),
('prod1@bio.fr','BAR', 'S10', '5.5','6'),
('prod2@bio.fr','FRI', 'S10', '2.3','45'),
('prod3@bio.fr','AGN', 'S10', '4.7','2'),
('prod4@bio.fr','CHF','S10', '8.6','35'),
('prod5@bio.fr','OIG', 'S10', '2.7','6'),
('prod1@bio.fr','COURG', 'S10', '1.6','78'),
('prod1@bio.fr','MER', 'S11', '5.6','18'),
('prod2@bio.fr','BRN', 'S11', '4.9','12'),
('prod3@bio.fr','CRE', 'S11', '2.8','16'),
('prod4@bio.fr','DBG', 'S11', '1','21'),
('prod5@bio.fr','BGT', 'S11', '4.9','0'),
('prod1@bio.fr','BRO', 'S11', '6.3','7'),
('prod2@bio.fr','CIT', 'S11', '5.7','24'),
('prod3@bio.fr','POM', 'S11', '6.3','0'),
('prod4@bio.fr','CEL', 'S11', '3.3','22'),
('prod5@bio.fr','PAC', 'S11', '2','4'),
('prod1@bio.fr','PEC', 'S11', '3.4','45'),
('prod2@bio.fr','RAD', 'S11', '3.2','46'),
('prod3@bio.fr','PAR','S11', '2.1','84'),
('prod4@bio.fr','ANA', 'S11', '1.5','42'),
('prod5@bio.fr','FRA', 'S11', '5.2','4'),
('prod1@bio.fr','BAR', 'S11', '5.5','6'),
('prod2@bio.fr','FRI', 'S11', '2.3','45'),
('prod3@bio.fr','AGN', 'S11', '4.7','2'),
('prod4@bio.fr','CHF','S11', '8.6','35'),
('prod5@bio.fr','OIG', 'S11', '2.7','6'),
('prod1@bio.fr','COURG', 'S11', '1.6','78'),
('prod1@bio.fr','MER', 'S12', '5.6','18'),
('prod2@bio.fr','BRN', 'S12', '4.9','12'),
('prod3@bio.fr','CRE', 'S12', '2.8','16'),
('prod4@bio.fr','DBG', 'S12', '1','21'),
('prod5@bio.fr','BGT', 'S12', '4.9','0'),
('prod1@bio.fr','BRO', 'S12', '6.3','7'),
('prod2@bio.fr','CIT', 'S12', '5.7','24'),
('prod3@bio.fr','POM', 'S12', '6.3','0'),
('prod4@bio.fr','CEL', 'S12', '3.3','22'),
('prod5@bio.fr','PAC', 'S12', '2','4'),
('prod1@bio.fr','PEC', 'S12', '3.4','45'),
('prod2@bio.fr','RAD', 'S12', '3.2','46'),
('prod3@bio.fr','PAR','S12', '2.1','84'),
('prod4@bio.fr','ANA', 'S12', '1.5','42'),
('prod5@bio.fr','FRA', 'S12', '5.2','4'),
('prod1@bio.fr','BAR', 'S12', '5.5','6'),
('prod2@bio.fr','FRI', 'S12', '2.3','45'),
('prod3@bio.fr','AGN', 'S12', '4.7','2'),
('prod4@bio.fr','CHF','S12', '8.6','35'),
('prod5@bio.fr','OIG', 'S12', '2.7','6'),
('prod1@bio.fr','COURG', 'S12', '1.6','78'),
('prod1@bio.fr','MER', 'S13', '5.6','18'),
('prod2@bio.fr','BRN', 'S13', '4.9','12'),
('prod3@bio.fr','CRE', 'S13', '2.8','16'),
('prod4@bio.fr','DBG', 'S13', '1','21'),
('prod5@bio.fr','BGT', 'S13', '4.9','0'),
('prod1@bio.fr','BRO', 'S13', '6.3','7'),
('prod2@bio.fr','CIT', 'S13', '5.7','24'),
('prod3@bio.fr','POM', 'S13', '6.3','0'),
('prod4@bio.fr','CEL', 'S13', '3.3','22'),
('prod5@bio.fr','PAC', 'S13', '2','4'),
('prod1@bio.fr','PEC', 'S13', '3.4','45'),
('prod2@bio.fr','RAD', 'S13', '3.2','46'),
('prod3@bio.fr','PAR','S13', '2.1','84'),
('prod4@bio.fr','ANA', 'S13', '1.5','42'),
('prod5@bio.fr','FRA', 'S13', '5.2','4'),
('prod1@bio.fr','BAR', 'S13', '5.5','6'),
('prod2@bio.fr','FRI', 'S13', '2.3','45'),
('prod3@bio.fr','AGN', 'S13', '4.7','2'),
('prod4@bio.fr','CHF','S13', '8.6','35'),
('prod5@bio.fr','OIG', 'S13', '2.7','6'),
('prod1@bio.fr','COURG', 'S13', '1.6','78'),
('prod1@bio.fr','MER', 'S14', '5.6','18'),
('prod2@bio.fr','BRN', 'S14', '4.9','12'),
('prod3@bio.fr','CRE', 'S14', '2.8','16'),
('prod4@bio.fr','DBG', 'S14', '1','21'),
('prod5@bio.fr','BGT', 'S14', '4.9','0'),
('prod1@bio.fr','BRO', 'S14', '6.3','7'),
('prod2@bio.fr','CIT', 'S14', '5.7','24'),
('prod3@bio.fr','POM', 'S14', '6.3','0'),
('prod4@bio.fr','CEL', 'S14', '3.3','22'),
('prod5@bio.fr','PAC', 'S14', '2','4'),
('prod1@bio.fr','PEC', 'S14', '3.4','45'),
('prod2@bio.fr','RAD', 'S14', '3.2','46'),
('prod3@bio.fr','PAR','S14', '2.1','84'),
('prod4@bio.fr','ANA', 'S14', '1.5','42'),
('prod5@bio.fr','FRA', 'S14', '5.2','4'),
('prod1@bio.fr','BAR', 'S14', '5.5','6'),
('prod2@bio.fr','FRI', 'S14', '2.3','45'),
('prod3@bio.fr','AGN', 'S14', '4.7','2'),
('prod4@bio.fr','CHF','S14', '8.6','35'),
('prod5@bio.fr','OIG', 'S14', '2.7','6'),
('prod1@bio.fr','COURG', 'S14', '1.6','78'),
('prod1@bio.fr','MER', 'S15', '5.6','18'),
('prod2@bio.fr','BRN', 'S15', '4.9','12'),
('prod3@bio.fr','CRE', 'S15', '2.8','16'),
('prod4@bio.fr','DBG', 'S15', '1','21'),
('prod5@bio.fr','BGT', 'S15', '4.9','0'),
('prod1@bio.fr','BRO', 'S15', '6.3','7'),
('prod2@bio.fr','CIT', 'S15', '5.7','24'),
('prod3@bio.fr','POM', 'S15', '6.3','0'),
('prod4@bio.fr','CEL', 'S15', '3.3','22'),
('prod5@bio.fr','PAC', 'S15', '2','4'),
('prod1@bio.fr','PEC', 'S15', '3.4','45'),
('prod2@bio.fr','RAD', 'S15', '3.2','46'),
('prod3@bio.fr','PAR','S15', '2.1','84'),
('prod4@bio.fr','ANA', 'S15', '1.5','42'),
('prod5@bio.fr','FRA', 'S15', '5.2','4'),
('prod1@bio.fr','BAR', 'S15', '5.5','6'),
('prod2@bio.fr','FRI', 'S15', '2.3','45'),
('prod3@bio.fr','AGN', 'S15', '4.7','2'),
('prod4@bio.fr','CHF','S15', '8.6','35'),
('prod5@bio.fr','OIG', 'S15', '2.7','6'),
('prod1@bio.fr','COURG', 'S15', '1.6','78'),
('prod1@bio.fr','MER', 'S16', '5.6','18'),
('prod2@bio.fr','BRN', 'S16', '4.9','12'),
('prod3@bio.fr','CRE', 'S16', '2.8','16'),
('prod4@bio.fr','DBG', 'S16', '1','21'),
('prod5@bio.fr','BGT', 'S16', '4.9','0'),
('prod1@bio.fr','BRO', 'S16', '6.3','7'),
('prod2@bio.fr','CIT', 'S16', '5.7','24'),
('prod3@bio.fr','POM', 'S16', '6.3','0'),
('prod4@bio.fr','CEL', 'S16', '3.3','22'),
('prod5@bio.fr','PAC', 'S16', '2','4'),
('prod1@bio.fr','PEC', 'S16', '3.4','45'),
('prod2@bio.fr','RAD', 'S16', '3.2','46'),
('prod3@bio.fr','PAR','S16', '2.1','84'),
('prod4@bio.fr','ANA', 'S16', '1.5','42'),
('prod5@bio.fr','FRA', 'S16', '5.2','4'),
('prod1@bio.fr','BAR', 'S16', '5.5','6'),
('prod2@bio.fr','FRI', 'S16', '2.3','45'),
('prod3@bio.fr','AGN', 'S16', '4.7','2'),
('prod4@bio.fr','CHF','S16', '8.6','35'),
('prod5@bio.fr','OIG', 'S16', '2.7','6'),
('prod1@bio.fr','COURG', 'S16', '1.6','78'),
('prod1@bio.fr','MER', 'S17', '5.6','18'),
('prod2@bio.fr','BRN', 'S17', '4.9','12'),
('prod3@bio.fr','CRE', 'S17', '2.8','16'),
('prod4@bio.fr','DBG', 'S17', '1','21'),
('prod5@bio.fr','BGT', 'S17', '4.9','0'),
('prod1@bio.fr','BRO', 'S17', '6.3','7'),
('prod2@bio.fr','CIT', 'S17', '5.7','24'),
('prod3@bio.fr','POM', 'S17', '6.3','0'),
('prod4@bio.fr','CEL', 'S17', '3.3','22'),
('prod5@bio.fr','PAC', 'S17', '2','4'),
('prod1@bio.fr','PEC', 'S17', '3.4','45'),
('prod2@bio.fr','RAD', 'S17', '3.2','46'),
('prod3@bio.fr','PAR','S17', '2.1','84'),
('prod4@bio.fr','ANA', 'S17', '1.5','42'),
('prod5@bio.fr','FRA', 'S17', '5.2','4'),
('prod1@bio.fr','BAR', 'S17', '5.5','6'),
('prod2@bio.fr','FRI', 'S17', '2.3','45'),
('prod3@bio.fr','AGN', 'S17', '4.7','2'),
('prod4@bio.fr','CHF','S17', '8.6','35'),
('prod5@bio.fr','OIG', 'S17', '2.7','6'),
('prod1@bio.fr','COURG', 'S17', '1.6','78'),
('prod1@bio.fr','MER', 'S18', '5.6','18'),
('prod2@bio.fr','BRN', 'S18', '4.9','12'),
('prod3@bio.fr','CRE', 'S18', '2.8','16'),
('prod4@bio.fr','DBG', 'S18', '1','21'),
('prod5@bio.fr','BGT', 'S18', '4.9','0'),
('prod1@bio.fr','BRO', 'S18', '6.3','7'),
('prod2@bio.fr','CIT', 'S18', '5.7','24'),
('prod3@bio.fr','POM', 'S18', '6.3','0'),
('prod4@bio.fr','CEL', 'S18', '3.3','22'),
('prod5@bio.fr','PAC', 'S18', '2','4'),
('prod1@bio.fr','PEC', 'S18', '3.4','45'),
('prod2@bio.fr','RAD', 'S18', '3.2','46'),
('prod3@bio.fr','PAR','S18', '2.1','84'),
('prod4@bio.fr','ANA', 'S18', '1.5','42'),
('prod5@bio.fr','FRA', 'S18', '5.2','4'),
('prod1@bio.fr','BAR', 'S18', '5.5','6'),
('prod2@bio.fr','FRI', 'S18', '2.3','45'),
('prod3@bio.fr','AGN', 'S18', '4.7','2'),
('prod4@bio.fr','CHF','S18', '8.6','35'),
('prod5@bio.fr','OIG', 'S18', '2.7','6'),
('prod1@bio.fr','COURG', 'S18', '1.6','78'),
('prod1@bio.fr','MER', 'S19', '5.6','18'),
('prod2@bio.fr','BRN', 'S19', '4.9','12'),
('prod3@bio.fr','CRE', 'S19', '2.8','16'),
('prod4@bio.fr','DBG', 'S19', '1','21'),
('prod5@bio.fr','BGT', 'S19', '4.9','0'),
('prod1@bio.fr','BRO', 'S19', '6.3','7'),
('prod2@bio.fr','CIT', 'S19', '5.7','24'),
('prod3@bio.fr','POM', 'S19', '6.3','0'),
('prod4@bio.fr','CEL', 'S19', '3.3','22'),
('prod5@bio.fr','PAC', 'S19', '2','4'),
('prod1@bio.fr','PEC', 'S19', '3.4','45'),
('prod2@bio.fr','RAD', 'S19', '3.2','46'),
('prod3@bio.fr','PAR','S19', '2.1','84'),
('prod4@bio.fr','ANA', 'S19', '1.5','42'),
('prod5@bio.fr','FRA', 'S19', '5.2','4'),
('prod1@bio.fr','BAR', 'S19', '5.5','6'),
('prod2@bio.fr','FRI', 'S19', '2.3','45'),
('prod3@bio.fr','AGN', 'S19', '4.7','2'),
('prod4@bio.fr','CHF','S19', '8.6','35'),
('prod5@bio.fr','OIG', 'S19', '2.7','6'),
('prod1@bio.fr','COURG', 'S19', '1.6','78'),
('prod1@bio.fr','MER', 'S20', '5.6','18'),
('prod2@bio.fr','BRN', 'S20', '4.9','12'),
('prod3@bio.fr','CRE', 'S20', '2.8','16'),
('prod4@bio.fr','DBG', 'S20', '1','21'),
('prod5@bio.fr','BGT', 'S20', '4.9','0'),
('prod1@bio.fr','BRO', 'S20', '6.3','7'),
('prod2@bio.fr','CIT', 'S20', '5.7','24'),
('prod3@bio.fr','POM', 'S20', '6.3','0'),
('prod4@bio.fr','CEL', 'S20', '3.3','22'),
('prod5@bio.fr','PAC', 'S20', '2','4'),
('prod1@bio.fr','PEC', 'S20', '3.4','45'),
('prod2@bio.fr','RAD', 'S20', '3.2','46'),
('prod3@bio.fr','PAR','S20', '2.1','84'),
('prod4@bio.fr','ANA', 'S20', '1.5','42'),
('prod5@bio.fr','FRA', 'S20', '5.2','4'),
('prod1@bio.fr','BAR', 'S20', '5.5','6'),
('prod2@bio.fr','FRI', 'S20', '2.3','45'),
('prod3@bio.fr','AGN', 'S20', '4.7','2'),
('prod4@bio.fr','CHF','S20', '8.6','35'),
('prod5@bio.fr','OIG', 'S20', '2.7','6'),
('prod1@bio.fr','COURG', 'S20', '1.6','78'),
('prod1@bio.fr','MER', 'S21', '5.6','18'),
('prod2@bio.fr','BRN', 'S21', '4.9','12'),
('prod3@bio.fr','CRE', 'S21', '2.8','16'),
('prod4@bio.fr','DBG', 'S21', '1','21'),
('prod5@bio.fr','BGT', 'S21', '4.9','0'),
('prod1@bio.fr','BRO', 'S21', '6.3','7'),
('prod2@bio.fr','CIT', 'S21', '5.7','24'),
('prod3@bio.fr','POM', 'S21', '6.3','0'),
('prod4@bio.fr','CEL', 'S21', '3.3','22'),
('prod5@bio.fr','PAC', 'S21', '2','4'),
('prod1@bio.fr','PEC', 'S21', '3.4','45'),
('prod2@bio.fr','RAD', 'S21', '3.2','46'),
('prod3@bio.fr','PAR','S21', '2.1','84'),
('prod4@bio.fr','ANA', 'S21', '1.5','42'),
('prod5@bio.fr','FRA', 'S21', '5.2','4'),
('prod1@bio.fr','BAR', 'S21', '5.5','6'),
('prod2@bio.fr','FRI', 'S21', '2.3','45'),
('prod3@bio.fr','AGN', 'S21', '4.7','2'),
('prod4@bio.fr','CHF','S21', '8.6','35'),
('prod5@bio.fr','OIG', 'S21', '2.7','6'),
('prod1@bio.fr','COURG', 'S21', '1.6','78'),
('prod1@bio.fr','MER', 'S22', '5.6','18'),
('prod2@bio.fr','BRN', 'S22', '4.9','12'),
('prod3@bio.fr','CRE', 'S22', '2.8','16'),
('prod4@bio.fr','DBG', 'S22', '1','21'),
('prod5@bio.fr','BGT', 'S22', '4.9','0'),
('prod1@bio.fr','BRO', 'S22', '6.3','7'),
('prod2@bio.fr','CIT', 'S22', '5.7','24'),
('prod3@bio.fr','POM', 'S22', '6.3','0'),
('prod4@bio.fr','CEL', 'S22', '3.3','22'),
('prod5@bio.fr','PAC', 'S22', '2','4'),
('prod1@bio.fr','PEC', 'S22', '3.4','45'),
('prod2@bio.fr','RAD', 'S22', '3.2','46'),
('prod3@bio.fr','PAR','S22', '2.1','84'),
('prod4@bio.fr','ANA', 'S22', '1.5','42'),
('prod5@bio.fr','FRA', 'S22', '5.2','4'),
('prod1@bio.fr','BAR', 'S22', '5.5','6'),
('prod2@bio.fr','FRI', 'S22', '2.3','45'),
('prod3@bio.fr','AGN', 'S22', '4.7','2'),
('prod4@bio.fr','CHF','S22', '8.6','35'),
('prod5@bio.fr','OIG', 'S22', '2.7','6'),
('prod1@bio.fr','COURG', 'S22', '1.6','78'),
('prod1@bio.fr','MER', 'S23', '5.6','18'),
('prod2@bio.fr','BRN', 'S23', '4.9','12'),
('prod3@bio.fr','CRE', 'S23', '2.8','16'),
('prod4@bio.fr','DBG', 'S23', '1','21'),
('prod5@bio.fr','BGT', 'S23', '4.9','0'),
('prod1@bio.fr','BRO', 'S23', '6.3','7'),
('prod2@bio.fr','CIT', 'S23', '5.7','24'),
('prod3@bio.fr','POM', 'S23', '6.3','0'),
('prod4@bio.fr','CEL', 'S23', '3.3','22'),
('prod5@bio.fr','PAC', 'S23', '2','4'),
('prod1@bio.fr','PEC', 'S23', '3.4','45'),
('prod2@bio.fr','RAD', 'S23', '3.2','46'),
('prod3@bio.fr','PAR','S23', '2.1','84'),
('prod4@bio.fr','ANA', 'S23', '1.5','42'),
('prod5@bio.fr','FRA', 'S23', '5.2','4'),
('prod1@bio.fr','BAR', 'S23', '5.5','6'),
('prod2@bio.fr','FRI', 'S23', '2.3','45'),
('prod3@bio.fr','AGN', 'S23', '4.7','2'),
('prod4@bio.fr','CHF','S23', '8.6','35'),
('prod5@bio.fr','OIG', 'S23', '2.7','6'),
('prod1@bio.fr','COURG', 'S23', '1.6','78'),
('prod1@bio.fr','MER', 'S24', '5.6','18'),
('prod2@bio.fr','BRN', 'S24', '4.9','12'),
('prod3@bio.fr','CRE', 'S24', '2.8','16'),
('prod4@bio.fr','DBG', 'S24', '1','21'),
('prod5@bio.fr','BGT', 'S24', '4.9','0'),
('prod1@bio.fr','BRO', 'S24', '6.3','7'),
('prod2@bio.fr','CIT', 'S24', '5.7','24'),
('prod3@bio.fr','POM', 'S24', '6.3','0'),
('prod4@bio.fr','CEL', 'S24', '3.3','22'),
('prod5@bio.fr','PAC', 'S24', '2','4'),
('prod1@bio.fr','PEC', 'S24', '3.4','45'),
('prod2@bio.fr','RAD', 'S24', '3.2','46'),
('prod3@bio.fr','PAR','S24', '2.1','84'),
('prod4@bio.fr','ANA', 'S24', '1.5','42'),
('prod5@bio.fr','FRA', 'S24', '5.2','4'),
('prod1@bio.fr','BAR', 'S24', '5.5','6'),
('prod2@bio.fr','FRI', 'S24', '2.3','45'),
('prod3@bio.fr','AGN', 'S24', '4.7','2'),
('prod4@bio.fr','CHF','S24', '8.6','35'),
('prod5@bio.fr','OIG', 'S24', '2.7','6'),
('prod1@bio.fr','COURG', 'S24', '1.6','78'),
('prod1@bio.fr','MER', 'S25', '5.6','18'),
('prod2@bio.fr','BRN', 'S25', '4.9','12'),
('prod3@bio.fr','CRE', 'S25', '2.8','16'),
('prod4@bio.fr','DBG', 'S25', '1','21'),
('prod5@bio.fr','BGT', 'S25', '4.9','0'),
('prod1@bio.fr','BRO', 'S25', '6.3','7'),
('prod2@bio.fr','CIT', 'S25', '5.7','24'),
('prod3@bio.fr','POM', 'S25', '6.3','0'),
('prod4@bio.fr','CEL', 'S25', '3.3','22'),
('prod5@bio.fr','PAC', 'S25', '2','4'),
('prod1@bio.fr','PEC', 'S25', '3.4','45'),
('prod2@bio.fr','RAD', 'S25', '3.2','46'),
('prod3@bio.fr','PAR','S25', '2.1','84'),
('prod4@bio.fr','ANA', 'S25', '1.5','42'),
('prod5@bio.fr','FRA', 'S25', '5.2','4'),
('prod1@bio.fr','BAR', 'S25', '5.5','6'),
('prod2@bio.fr','FRI', 'S25', '2.3','45'),
('prod3@bio.fr','AGN', 'S25', '4.7','2'),
('prod4@bio.fr','CHF','S25', '8.6','35'),
('prod5@bio.fr','OIG', 'S25', '2.7','6'),
('prod1@bio.fr','COURG', 'S25', '1.6','78'),
('prod1@bio.fr','MER', 'S26', '5.6','18'),
('prod2@bio.fr','BRN', 'S26', '4.9','12'),
('prod3@bio.fr','CRE', 'S26', '2.8','16'),
('prod4@bio.fr','DBG', 'S26', '1','21'),
('prod5@bio.fr','BGT', 'S26', '4.9','0'),
('prod1@bio.fr','BRO', 'S26', '6.3','7'),
('prod2@bio.fr','CIT', 'S26', '5.7','24'),
('prod3@bio.fr','POM', 'S26', '6.3','0'),
('prod4@bio.fr','CEL', 'S26', '3.3','22'),
('prod5@bio.fr','PAC', 'S26', '2','4'),
('prod1@bio.fr','PEC', 'S26', '3.4','45'),
('prod2@bio.fr','RAD', 'S26', '3.2','46'),
('prod3@bio.fr','PAR','S26', '2.1','84'),
('prod4@bio.fr','ANA', 'S26', '1.5','42'),
('prod5@bio.fr','FRA', 'S26', '5.2','4'),
('prod1@bio.fr','BAR', 'S26', '5.5','6'),
('prod2@bio.fr','FRI', 'S26', '2.3','45'),
('prod3@bio.fr','AGN', 'S26', '4.7','2'),
('prod4@bio.fr','CHF','S26', '8.6','35'),
('prod5@bio.fr','OIG', 'S26', '2.7','6'),
('prod1@bio.fr','COURG', 'S26', '1.6','78'),
('prod1@bio.fr','MER', 'S27', '5.6','18'),
('prod2@bio.fr','BRN', 'S27', '4.9','12'),
('prod3@bio.fr','CRE', 'S27', '2.8','16'),
('prod4@bio.fr','DBG', 'S27', '1','21'),
('prod5@bio.fr','BGT', 'S27', '4.9','0'),
('prod1@bio.fr','BRO', 'S27', '6.3','7'),
('prod2@bio.fr','CIT', 'S27', '5.7','24'),
('prod3@bio.fr','POM', 'S27', '6.3','0'),
('prod4@bio.fr','CEL', 'S27', '3.3','22'),
('prod5@bio.fr','PAC', 'S27', '2','4'),
('prod1@bio.fr','PEC', 'S27', '3.4','45'),
('prod2@bio.fr','RAD', 'S27', '3.2','46'),
('prod3@bio.fr','PAR','S27', '2.1','84'),
('prod4@bio.fr','ANA', 'S27', '1.5','42'),
('prod5@bio.fr','FRA', 'S27', '5.2','4'),
('prod1@bio.fr','BAR', 'S27', '5.5','6'),
('prod2@bio.fr','FRI', 'S27', '2.3','45'),
('prod3@bio.fr','AGN', 'S27', '4.7','2'),
('prod4@bio.fr','CHF','S27', '8.6','35'),
('prod5@bio.fr','OIG', 'S27', '2.7','6'),
('prod1@bio.fr','COURG', 'S27', '1.6','78'),
('prod1@bio.fr','MER', 'S28', '5.6','18'),
('prod2@bio.fr','BRN', 'S28', '4.9','12'),
('prod3@bio.fr','CRE', 'S28', '2.8','16'),
('prod4@bio.fr','DBG', 'S28', '1','21'),
('prod5@bio.fr','BGT', 'S28', '4.9','0'),
('prod1@bio.fr','BRO', 'S28', '6.3','7'),
('prod2@bio.fr','CIT', 'S28', '5.7','24'),
('prod3@bio.fr','POM', 'S28', '6.3','0'),
('prod4@bio.fr','CEL', 'S28', '3.3','22'),
('prod5@bio.fr','PAC', 'S28', '2','4'),
('prod1@bio.fr','PEC', 'S28', '3.4','45'),
('prod2@bio.fr','RAD', 'S28', '3.2','46'),
('prod3@bio.fr','PAR','S28', '2.1','84'),
('prod4@bio.fr','ANA', 'S28', '1.5','42'),
('prod5@bio.fr','FRA', 'S28', '5.2','4'),
('prod1@bio.fr','BAR', 'S28', '5.5','6'),
('prod2@bio.fr','FRI', 'S28', '2.3','45'),
('prod3@bio.fr','AGN', 'S28', '4.7','2'),
('prod4@bio.fr','CHF','S28', '8.6','35'),
('prod5@bio.fr','OIG', 'S28', '2.7','6'),
('prod1@bio.fr','COURG', 'S28', '1.6','78'),
('prod1@bio.fr','MER', 'S29', '5.6','18'),
('prod2@bio.fr','BRN', 'S29', '4.9','12'),
('prod3@bio.fr','CRE', 'S29', '2.8','16'),
('prod4@bio.fr','DBG', 'S29', '1','21'),
('prod5@bio.fr','BGT', 'S29', '4.9','0'),
('prod1@bio.fr','BRO', 'S29', '6.3','7'),
('prod2@bio.fr','CIT', 'S29', '5.7','24'),
('prod3@bio.fr','POM', 'S29', '6.3','0'),
('prod4@bio.fr','CEL', 'S29', '3.3','22'),
('prod5@bio.fr','PAC', 'S29', '2','4'),
('prod1@bio.fr','PEC', 'S29', '3.4','45'),
('prod2@bio.fr','RAD', 'S29', '3.2','46'),
('prod3@bio.fr','PAR','S29', '2.1','84'),
('prod4@bio.fr','ANA', 'S29', '1.5','42'),
('prod5@bio.fr','FRA', 'S29', '5.2','4'),
('prod1@bio.fr','BAR', 'S29', '5.5','6'),
('prod2@bio.fr','FRI', 'S29', '2.3','45'),
('prod3@bio.fr','AGN', 'S29', '4.7','2'),
('prod4@bio.fr','CHF','S29', '8.6','35'),
('prod5@bio.fr','OIG', 'S29', '2.7','6'),
('prod1@bio.fr','COURG', 'S29', '1.6','78'),
('prod1@bio.fr','MER', 'S30', '5.6','18'),
('prod2@bio.fr','BRN', 'S30', '4.9','12'),
('prod3@bio.fr','CRE', 'S30', '2.8','16'),
('prod4@bio.fr','DBG', 'S30', '1','21'),
('prod5@bio.fr','BGT', 'S30', '4.9','0'),
('prod1@bio.fr','BRO', 'S30', '6.3','7'),
('prod2@bio.fr','CIT', 'S30', '5.7','24'),
('prod3@bio.fr','POM', 'S30', '6.3','0'),
('prod4@bio.fr','CEL', 'S30', '3.3','22'),
('prod5@bio.fr','PAC', 'S30', '2','4'),
('prod1@bio.fr','PEC', 'S30', '3.4','45'),
('prod2@bio.fr','RAD', 'S30', '3.2','46'),
('prod3@bio.fr','PAR','S30', '2.1','84'),
('prod4@bio.fr','ANA', 'S30', '1.5','42'),
('prod5@bio.fr','FRA', 'S30', '5.2','4'),
('prod1@bio.fr','BAR', 'S30', '5.5','6'),
('prod2@bio.fr','FRI', 'S30', '2.3','45'),
('prod3@bio.fr','AGN', 'S30', '4.7','2'),
('prod4@bio.fr','CHF','S30', '8.6','35'),
('prod5@bio.fr','OIG', 'S30', '2.7','6'),
('prod1@bio.fr','COURG', 'S30', '1.6','78'),
('prod1@bio.fr','MER', 'S31', '5.6','18'),
('prod2@bio.fr','BRN', 'S31', '4.9','12'),
('prod3@bio.fr','CRE', 'S31', '2.8','16'),
('prod4@bio.fr','DBG', 'S31', '1','21'),
('prod5@bio.fr','BGT', 'S31', '4.9','0'),
('prod1@bio.fr','BRO', 'S31', '6.3','7'),
('prod2@bio.fr','CIT', 'S31', '5.7','24'),
('prod3@bio.fr','POM', 'S31', '6.3','0'),
('prod4@bio.fr','CEL', 'S31', '3.3','22'),
('prod5@bio.fr','PAC', 'S31', '2','4'),
('prod1@bio.fr','PEC', 'S31', '3.4','45'),
('prod2@bio.fr','RAD', 'S31', '3.2','46'),
('prod3@bio.fr','PAR','S31', '2.1','84'),
('prod4@bio.fr','ANA', 'S31', '1.5','42'),
('prod5@bio.fr','FRA', 'S31', '5.2','4'),
('prod1@bio.fr','BAR', 'S31', '5.5','6'),
('prod2@bio.fr','FRI', 'S31', '2.3','45'),
('prod3@bio.fr','AGN', 'S31', '4.7','2'),
('prod4@bio.fr','CHF','S31', '8.6','35'),
('prod5@bio.fr','OIG', 'S31', '2.7','6'),
('prod1@bio.fr','COURG', 'S31', '1.6','78'),
('prod1@bio.fr','MER', 'S32', '5.6','18'),
('prod2@bio.fr','BRN', 'S32', '4.9','12'),
('prod3@bio.fr','CRE', 'S32', '2.8','16'),
('prod4@bio.fr','DBG', 'S32', '1','21'),
('prod5@bio.fr','BGT', 'S32', '4.9','0'),
('prod1@bio.fr','BRO', 'S32', '6.3','7'),
('prod2@bio.fr','CIT', 'S32', '5.7','24'),
('prod3@bio.fr','POM', 'S32', '6.3','0'),
('prod4@bio.fr','CEL', 'S32', '3.3','22'),
('prod5@bio.fr','PAC', 'S32', '2','4'),
('prod1@bio.fr','PEC', 'S32', '3.4','45'),
('prod2@bio.fr','RAD', 'S32', '3.2','46'),
('prod3@bio.fr','PAR','S32', '2.1','84'),
('prod4@bio.fr','ANA', 'S32', '1.5','42'),
('prod5@bio.fr','FRA', 'S32', '5.2','4'),
('prod1@bio.fr','BAR', 'S32', '5.5','6'),
('prod2@bio.fr','FRI', 'S32', '2.3','45'),
('prod3@bio.fr','AGN', 'S32', '4.7','2'),
('prod4@bio.fr','CHF','S32', '8.6','35'),
('prod5@bio.fr','OIG', 'S32', '2.7','6'),
('prod1@bio.fr','COURG', 'S32', '1.6','78'),
('prod1@bio.fr','MER', 'S33', '5.6','18'),
('prod2@bio.fr','BRN', 'S33', '4.9','12'),
('prod3@bio.fr','CRE', 'S33', '2.8','16'),
('prod4@bio.fr','DBG', 'S33', '1','21'),
('prod5@bio.fr','BGT', 'S33', '4.9','0'),
('prod1@bio.fr','BRO', 'S33', '6.3','7'),
('prod2@bio.fr','CIT', 'S33', '5.7','24'),
('prod3@bio.fr','POM', 'S33', '6.3','0'),
('prod4@bio.fr','CEL', 'S33', '3.3','22'),
('prod5@bio.fr','PAC', 'S33', '2','4'),
('prod1@bio.fr','PEC', 'S33', '3.4','45'),
('prod2@bio.fr','RAD', 'S33', '3.2','46'),
('prod3@bio.fr','PAR','S33', '2.1','84'),
('prod4@bio.fr','ANA', 'S33', '1.5','42'),
('prod5@bio.fr','FRA', 'S33', '5.2','4'),
('prod1@bio.fr','BAR', 'S33', '5.5','6'),
('prod2@bio.fr','FRI', 'S33', '2.3','45'),
('prod3@bio.fr','AGN', 'S33', '4.7','2'),
('prod4@bio.fr','CHF','S33', '8.6','35'),
('prod5@bio.fr','OIG', 'S33', '2.7','6'),
('prod1@bio.fr','COURG', 'S33', '1.6','78'),
('prod1@bio.fr','MER', 'S34', '5.6','18'),
('prod2@bio.fr','BRN', 'S34', '4.9','12'),
('prod3@bio.fr','CRE', 'S34', '2.8','16'),
('prod4@bio.fr','DBG', 'S34', '1','21'),
('prod5@bio.fr','BGT', 'S34', '4.9','0'),
('prod1@bio.fr','BRO', 'S34', '6.3','7'),
('prod2@bio.fr','CIT', 'S34', '5.7','24'),
('prod3@bio.fr','POM', 'S34', '6.3','0'),
('prod4@bio.fr','CEL', 'S34', '3.3','22'),
('prod5@bio.fr','PAC', 'S34', '2','4'),
('prod1@bio.fr','PEC', 'S34', '3.4','45'),
('prod2@bio.fr','RAD', 'S34', '3.2','46'),
('prod3@bio.fr','PAR','S34', '2.1','84'),
('prod4@bio.fr','ANA', 'S34', '1.5','42'),
('prod5@bio.fr','FRA', 'S34', '5.2','4'),
('prod1@bio.fr','BAR', 'S34', '5.5','6'),
('prod2@bio.fr','FRI', 'S34', '2.3','45'),
('prod3@bio.fr','AGN', 'S34', '4.7','2'),
('prod4@bio.fr','CHF','S34', '8.6','35'),
('prod5@bio.fr','OIG', 'S34', '2.7','6'),
('prod1@bio.fr','COURG', 'S34', '1.6','78'),
('prod1@bio.fr','MER', 'S35', '5.6','18'),
('prod2@bio.fr','BRN', 'S35', '4.9','12'),
('prod3@bio.fr','CRE', 'S35', '2.8','16'),
('prod4@bio.fr','DBG', 'S35', '1','21'),
('prod5@bio.fr','BGT', 'S35', '4.9','0'),
('prod1@bio.fr','BRO', 'S35', '6.3','7'),
('prod2@bio.fr','CIT', 'S35', '5.7','24'),
('prod3@bio.fr','POM', 'S35', '6.3','0'),
('prod4@bio.fr','CEL', 'S35', '3.3','22'),
('prod5@bio.fr','PAC', 'S35', '2','4'),
('prod1@bio.fr','PEC', 'S35', '3.4','45'),
('prod2@bio.fr','RAD', 'S35', '3.2','46'),
('prod3@bio.fr','PAR','S35', '2.1','84'),
('prod4@bio.fr','ANA', 'S35', '1.5','42'),
('prod5@bio.fr','FRA', 'S35', '5.2','4'),
('prod1@bio.fr','BAR', 'S35', '5.5','6'),
('prod2@bio.fr','FRI', 'S35', '2.3','45'),
('prod3@bio.fr','AGN', 'S35', '4.7','2'),
('prod4@bio.fr','CHF','S35', '8.6','35'),
('prod5@bio.fr','OIG', 'S35', '2.7','6'),
('prod1@bio.fr','COURG', 'S35', '1.6','78'),
('prod1@bio.fr','MER', 'S36', '5.6','18'),
('prod2@bio.fr','BRN', 'S36', '4.9','12'),
('prod3@bio.fr','CRE', 'S36', '2.8','16'),
('prod4@bio.fr','DBG', 'S36', '1','21'),
('prod5@bio.fr','BGT', 'S36', '4.9','0'),
('prod1@bio.fr','BRO', 'S36', '6.3','7'),
('prod2@bio.fr','CIT', 'S36', '5.7','24'),
('prod3@bio.fr','POM', 'S36', '6.3','0'),
('prod4@bio.fr','CEL', 'S36', '3.3','22'),
('prod5@bio.fr','PAC', 'S36', '2','4'),
('prod1@bio.fr','PEC', 'S36', '3.4','45'),
('prod2@bio.fr','RAD', 'S36', '3.2','46'),
('prod3@bio.fr','PAR','S36', '2.1','84'),
('prod4@bio.fr','ANA', 'S36', '1.5','42'),
('prod5@bio.fr','FRA', 'S36', '5.2','4'),
('prod1@bio.fr','BAR', 'S36', '5.5','6'),
('prod2@bio.fr','FRI', 'S36', '2.3','45'),
('prod3@bio.fr','AGN', 'S36', '4.7','2'),
('prod4@bio.fr','CHF','S36', '8.6','35'),
('prod5@bio.fr','OIG', 'S36', '2.7','6'),
('prod1@bio.fr','COURG', 'S36', '1.6','78'),
('prod1@bio.fr','MER', 'S37', '5.6','18'),
('prod2@bio.fr','BRN', 'S37', '4.9','12'),
('prod3@bio.fr','CRE', 'S37', '2.8','16'),
('prod4@bio.fr','DBG', 'S37', '1','21'),
('prod5@bio.fr','BGT', 'S37', '4.9','0'),
('prod1@bio.fr','BRO', 'S37', '6.3','7'),
('prod2@bio.fr','CIT', 'S37', '5.7','24'),
('prod3@bio.fr','POM', 'S37', '6.3','0'),
('prod4@bio.fr','CEL', 'S37', '3.3','22'),
('prod5@bio.fr','PAC', 'S37', '2','4'),
('prod1@bio.fr','PEC', 'S37', '3.4','45'),
('prod2@bio.fr','RAD', 'S37', '3.2','46'),
('prod3@bio.fr','PAR','S37', '2.1','84'),
('prod4@bio.fr','ANA', 'S37', '1.5','42'),
('prod5@bio.fr','FRA', 'S37', '5.2','4'),
('prod1@bio.fr','BAR', 'S37', '5.5','6'),
('prod2@bio.fr','FRI', 'S37', '2.3','45'),
('prod3@bio.fr','AGN', 'S37', '4.7','2'),
('prod4@bio.fr','CHF','S37', '8.6','35'),
('prod5@bio.fr','OIG', 'S37', '2.7','6'),
('prod1@bio.fr','COURG', 'S37', '1.6','78'),
('prod1@bio.fr','MER', 'S38', '5.6','18'),
('prod2@bio.fr','BRN', 'S38', '4.9','12'),
('prod3@bio.fr','CRE', 'S38', '2.8','16'),
('prod4@bio.fr','DBG', 'S38', '1','21'),
('prod5@bio.fr','BGT', 'S38', '4.9','0'),
('prod1@bio.fr','BRO', 'S38', '6.3','7'),
('prod2@bio.fr','CIT', 'S38', '5.7','24'),
('prod3@bio.fr','POM', 'S38', '6.3','0'),
('prod4@bio.fr','CEL', 'S38', '3.3','22'),
('prod5@bio.fr','PAC', 'S38', '2','4'),
('prod1@bio.fr','PEC', 'S38', '3.4','45'),
('prod2@bio.fr','RAD', 'S38', '3.2','46'),
('prod3@bio.fr','PAR','S38', '2.1','84'),
('prod4@bio.fr','ANA', 'S38', '1.5','42'),
('prod5@bio.fr','FRA', 'S38', '5.2','4'),
('prod1@bio.fr','BAR', 'S38', '5.5','6'),
('prod2@bio.fr','FRI', 'S38', '2.3','45'),
('prod3@bio.fr','AGN', 'S38', '4.7','2'),
('prod4@bio.fr','CHF','S38', '8.6','35'),
('prod5@bio.fr','OIG', 'S38', '2.7','6'),
('prod1@bio.fr','COURG', 'S38', '1.6','78'),
('prod1@bio.fr','MER', 'S39', '5.6','18'),
('prod2@bio.fr','BRN', 'S39', '4.9','12'),
('prod3@bio.fr','CRE', 'S39', '2.8','16'),
('prod4@bio.fr','DBG', 'S39', '1','21'),
('prod5@bio.fr','BGT', 'S39', '4.9','0'),
('prod1@bio.fr','BRO', 'S39', '6.3','7'),
('prod2@bio.fr','CIT', 'S39', '5.7','24'),
('prod3@bio.fr','POM', 'S39', '6.3','0'),
('prod4@bio.fr','CEL', 'S39', '3.3','22'),
('prod5@bio.fr','PAC', 'S39', '2','4'),
('prod1@bio.fr','PEC', 'S39', '3.4','45'),
('prod2@bio.fr','RAD', 'S39', '3.2','46'),
('prod3@bio.fr','PAR','S39', '2.1','84'),
('prod4@bio.fr','ANA', 'S39', '1.5','42'),
('prod5@bio.fr','FRA', 'S39', '5.2','4'),
('prod1@bio.fr','BAR', 'S39', '5.5','6'),
('prod2@bio.fr','FRI', 'S39', '2.3','45'),
('prod3@bio.fr','AGN', 'S39', '4.7','2'),
('prod4@bio.fr','CHF','S39', '8.6','35'),
('prod5@bio.fr','OIG', 'S39', '2.7','6'),
('prod1@bio.fr','COURG', 'S39', '1.6','78'),
('prod1@bio.fr','MER', 'S40', '5.6','18'),
('prod2@bio.fr','BRN', 'S40', '4.9','12'),
('prod3@bio.fr','CRE', 'S40', '2.8','16'),
('prod4@bio.fr','DBG', 'S40', '1','21'),
('prod5@bio.fr','BGT', 'S40', '4.9','0'),
('prod1@bio.fr','BRO', 'S40', '6.3','7'),
('prod2@bio.fr','CIT', 'S40', '5.7','24'),
('prod3@bio.fr','POM', 'S40', '6.3','0'),
('prod4@bio.fr','CEL', 'S40', '3.3','22'),
('prod5@bio.fr','PAC', 'S40', '2','4'),
('prod1@bio.fr','PEC', 'S40', '3.4','45'),
('prod2@bio.fr','RAD', 'S40', '3.2','46'),
('prod3@bio.fr','PAR','S40', '2.1','84'),
('prod4@bio.fr','ANA', 'S40', '1.5','42'),
('prod5@bio.fr','FRA', 'S40', '5.2','4'),
('prod1@bio.fr','BAR', 'S40', '5.5','6'),
('prod2@bio.fr','FRI', 'S40', '2.3','45'),
('prod3@bio.fr','AGN', 'S40', '4.7','2'),
('prod4@bio.fr','CHF','S40', '8.6','35'),
('prod5@bio.fr','OIG', 'S40', '2.7','6'),
('prod1@bio.fr','COURG', 'S40', '1.6','78'),
('prod1@bio.fr','MER', 'S41', '5.6','18'),
('prod2@bio.fr','BRN', 'S41', '4.9','12'),
('prod3@bio.fr','CRE', 'S41', '2.8','16'),
('prod4@bio.fr','DBG', 'S41', '1','21'),
('prod5@bio.fr','BGT', 'S41', '4.9','0'),
('prod1@bio.fr','BRO', 'S41', '6.3','7'),
('prod2@bio.fr','CIT', 'S41', '5.7','24'),
('prod3@bio.fr','POM', 'S41', '6.3','0'),
('prod4@bio.fr','CEL', 'S41', '3.3','22'),
('prod5@bio.fr','PAC', 'S41', '2','4'),
('prod1@bio.fr','PEC', 'S41', '3.4','45'),
('prod2@bio.fr','RAD', 'S41', '3.2','46'),
('prod3@bio.fr','PAR','S41', '2.1','84'),
('prod4@bio.fr','ANA', 'S41', '1.5','42'),
('prod5@bio.fr','FRA', 'S41', '5.2','4'),
('prod1@bio.fr','BAR', 'S41', '5.5','6'),
('prod2@bio.fr','FRI', 'S41', '2.3','45'),
('prod3@bio.fr','AGN', 'S41', '4.7','2'),
('prod4@bio.fr','CHF','S41', '8.6','35'),
('prod5@bio.fr','OIG', 'S41', '2.7','6'),
('prod1@bio.fr','COURG', 'S41', '1.6','78'),
('prod1@bio.fr','MER', 'S42', '5.6','18'),
('prod2@bio.fr','BRN', 'S42', '4.9','12'),
('prod3@bio.fr','CRE', 'S42', '2.8','16'),
('prod4@bio.fr','DBG', 'S42', '1','21'),
('prod5@bio.fr','BGT', 'S42', '4.9','0'),
('prod1@bio.fr','BRO', 'S42', '6.3','7'),
('prod2@bio.fr','CIT', 'S42', '5.7','24'),
('prod3@bio.fr','POM', 'S42', '6.3','0'),
('prod4@bio.fr','CEL', 'S42', '3.3','22'),
('prod5@bio.fr','PAC', 'S42', '2','4'),
('prod1@bio.fr','PEC', 'S42', '3.4','45'),
('prod2@bio.fr','RAD', 'S42', '3.2','46'),
('prod3@bio.fr','PAR','S42', '2.1','84'),
('prod4@bio.fr','ANA', 'S42', '1.5','42'),
('prod5@bio.fr','FRA', 'S42', '5.2','4'),
('prod1@bio.fr','BAR', 'S42', '5.5','6'),
('prod2@bio.fr','FRI', 'S42', '2.3','45'),
('prod3@bio.fr','AGN', 'S42', '4.7','2'),
('prod4@bio.fr','CHF','S42', '8.6','35'),
('prod5@bio.fr','OIG', 'S42', '2.7','6'),
('prod1@bio.fr','COURG', 'S42', '1.6','78'),
('prod1@bio.fr','MER', 'S43', '5.6','18'),
('prod2@bio.fr','BRN', 'S43', '4.9','12'),
('prod3@bio.fr','CRE', 'S43', '2.8','16'),
('prod4@bio.fr','DBG', 'S43', '1','21'),
('prod5@bio.fr','BGT', 'S43', '4.9','0'),
('prod1@bio.fr','BRO', 'S43', '6.3','7'),
('prod2@bio.fr','CIT', 'S43', '5.7','24'),
('prod3@bio.fr','POM', 'S43', '6.3','0'),
('prod4@bio.fr','CEL', 'S43', '3.3','22'),
('prod5@bio.fr','PAC', 'S43', '2','4'),
('prod1@bio.fr','PEC', 'S43', '3.4','45'),
('prod2@bio.fr','RAD', 'S43', '3.2','46'),
('prod3@bio.fr','PAR','S43', '2.1','84'),
('prod4@bio.fr','ANA', 'S43', '1.5','42'),
('prod5@bio.fr','FRA', 'S43', '5.2','4'),
('prod1@bio.fr','BAR', 'S43', '5.5','6'),
('prod2@bio.fr','FRI', 'S43', '2.3','45'),
('prod3@bio.fr','AGN', 'S43', '4.7','2'),
('prod4@bio.fr','CHF','S43', '8.6','35'),
('prod5@bio.fr','OIG', 'S43', '2.7','6'),
('prod1@bio.fr','COURG', 'S43', '1.6','78'),
('prod1@bio.fr','MER', 'S44', '5.6','18'),
('prod2@bio.fr','BRN', 'S44', '4.9','12'),
('prod3@bio.fr','CRE', 'S44', '2.8','16'),
('prod4@bio.fr','DBG', 'S44', '1','21'),
('prod5@bio.fr','BGT', 'S44', '4.9','0'),
('prod1@bio.fr','BRO', 'S44', '6.3','7'),
('prod2@bio.fr','CIT', 'S44', '5.7','24'),
('prod3@bio.fr','POM', 'S44', '6.3','0'),
('prod4@bio.fr','CEL', 'S44', '3.3','22'),
('prod5@bio.fr','PAC', 'S44', '2','4'),
('prod1@bio.fr','PEC', 'S44', '3.4','45'),
('prod2@bio.fr','RAD', 'S44', '3.2','46'),
('prod3@bio.fr','PAR','S44', '2.1','84'),
('prod4@bio.fr','ANA', 'S44', '1.5','42'),
('prod5@bio.fr','FRA', 'S44', '5.2','4'),
('prod1@bio.fr','BAR', 'S44', '5.5','6'),
('prod2@bio.fr','FRI', 'S44', '2.3','45'),
('prod3@bio.fr','AGN', 'S44', '4.7','2'),
('prod4@bio.fr','CHF','S44', '8.6','35'),
('prod5@bio.fr','OIG', 'S44', '2.7','6'),
('prod1@bio.fr','COURG', 'S44', '1.6','78'),
('prod1@bio.fr','MER', 'S45', '5.6','18'),
('prod2@bio.fr','BRN', 'S45', '4.9','12'),
('prod3@bio.fr','CRE', 'S45', '2.8','16'),
('prod4@bio.fr','DBG', 'S45', '1','21'),
('prod5@bio.fr','BGT', 'S45', '4.9','0'),
('prod1@bio.fr','BRO', 'S45', '6.3','7'),
('prod2@bio.fr','CIT', 'S45', '5.7','24'),
('prod3@bio.fr','POM', 'S45', '6.3','0'),
('prod4@bio.fr','CEL', 'S45', '3.3','22'),
('prod5@bio.fr','PAC', 'S45', '2','4'),
('prod1@bio.fr','PEC', 'S45', '3.4','45'),
('prod2@bio.fr','RAD', 'S45', '3.2','46'),
('prod3@bio.fr','PAR','S45', '2.1','84'),
('prod4@bio.fr','ANA', 'S45', '1.5','42'),
('prod5@bio.fr','FRA', 'S45', '5.2','4'),
('prod1@bio.fr','BAR', 'S45', '5.5','6'),
('prod2@bio.fr','FRI', 'S45', '2.3','45'),
('prod3@bio.fr','AGN', 'S45', '4.7','2'),
('prod4@bio.fr','CHF','S45', '8.6','35'),
('prod5@bio.fr','OIG', 'S45', '2.7','6'),
('prod1@bio.fr','COURG', 'S45', '1.6','78'),
('prod1@bio.fr','MER', 'S46', '5.6','18'),
('prod2@bio.fr','BRN', 'S46', '4.9','12'),
('prod3@bio.fr','CRE', 'S46', '2.8','16'),
('prod4@bio.fr','DBG', 'S46', '1','21'),
('prod5@bio.fr','BGT', 'S46', '4.9','0'),
('prod1@bio.fr','BRO', 'S46', '6.3','7'),
('prod2@bio.fr','CIT', 'S46', '5.7','24'),
('prod3@bio.fr','POM', 'S46', '6.3','0'),
('prod4@bio.fr','CEL', 'S46', '3.3','22'),
('prod5@bio.fr','PAC', 'S46', '2','4'),
('prod1@bio.fr','PEC', 'S46', '3.4','45'),
('prod2@bio.fr','RAD', 'S46', '3.2','46'),
('prod3@bio.fr','PAR','S46', '2.1','84'),
('prod4@bio.fr','ANA', 'S46', '1.5','42'),
('prod5@bio.fr','FRA', 'S46', '5.2','4'),
('prod1@bio.fr','BAR', 'S46', '5.5','6'),
('prod2@bio.fr','FRI', 'S46', '2.3','45'),
('prod3@bio.fr','AGN', 'S46', '4.7','2'),
('prod4@bio.fr','CHF','S46', '8.6','35'),
('prod5@bio.fr','OIG', 'S46', '2.7','6'),
('prod1@bio.fr','COURG', 'S46', '1.6','78'),
('prod1@bio.fr','MER', 'S47', '5.6','18'),
('prod2@bio.fr','BRN', 'S47', '4.9','12'),
('prod3@bio.fr','CRE', 'S47', '2.8','16'),
('prod4@bio.fr','DBG', 'S47', '1','21'),
('prod5@bio.fr','BGT', 'S47', '4.9','0'),
('prod1@bio.fr','BRO', 'S47', '6.3','7'),
('prod2@bio.fr','CIT', 'S47', '5.7','24'),
('prod3@bio.fr','POM', 'S47', '6.3','0'),
('prod4@bio.fr','CEL', 'S47', '3.3','22'),
('prod5@bio.fr','PAC', 'S47', '2','4'),
('prod1@bio.fr','PEC', 'S47', '3.4','45'),
('prod2@bio.fr','RAD', 'S47', '3.2','46'),
('prod3@bio.fr','PAR','S47', '2.1','84'),
('prod4@bio.fr','ANA', 'S47', '1.5','42'),
('prod5@bio.fr','FRA', 'S47', '5.2','4'),
('prod1@bio.fr','BAR', 'S47', '5.5','6'),
('prod2@bio.fr','FRI', 'S47', '2.3','45'),
('prod3@bio.fr','AGN', 'S47', '4.7','2'),
('prod4@bio.fr','CHF','S47', '8.6','35'),
('prod5@bio.fr','OIG', 'S47', '2.7','6'),
('prod1@bio.fr','COURG', 'S47', '1.6','78'),
('prod1@bio.fr','MER', 'S48', '5.6','18'),
('prod2@bio.fr','BRN', 'S48', '4.9','12'),
('prod3@bio.fr','CRE', 'S48', '2.8','16'),
('prod4@bio.fr','DBG', 'S48', '1','21'),
('prod5@bio.fr','BGT', 'S48', '4.9','0'),
('prod1@bio.fr','BRO', 'S48', '6.3','7'),
('prod2@bio.fr','CIT', 'S48', '5.7','24'),
('prod3@bio.fr','POM', 'S48', '6.3','0'),
('prod4@bio.fr','CEL', 'S48', '3.3','22'),
('prod5@bio.fr','PAC', 'S48', '2','4'),
('prod1@bio.fr','PEC', 'S48', '3.4','45'),
('prod2@bio.fr','RAD', 'S48', '3.2','46'),
('prod3@bio.fr','PAR','S48', '2.1','84'),
('prod4@bio.fr','ANA', 'S48', '1.5','42'),
('prod5@bio.fr','FRA', 'S48', '5.2','4'),
('prod1@bio.fr','BAR', 'S48', '5.5','6'),
('prod2@bio.fr','FRI', 'S48', '2.3','45'),
('prod3@bio.fr','AGN', 'S48', '4.7','2'),
('prod4@bio.fr','CHF','S48', '8.6','35'),
('prod5@bio.fr','OIG', 'S48', '2.7','6'),
('prod1@bio.fr','COURG', 'S48', '1.6','78'),
('prod1@bio.fr','MER', 'S49', '5.6','18'),
('prod2@bio.fr','BRN', 'S49', '4.9','12'),
('prod3@bio.fr','CRE', 'S49', '2.8','16'),
('prod4@bio.fr','DBG', 'S49', '1','21'),
('prod5@bio.fr','BGT', 'S49', '4.9','0'),
('prod1@bio.fr','BRO', 'S49', '6.3','7'),
('prod2@bio.fr','CIT', 'S49', '5.7','24'),
('prod3@bio.fr','POM', 'S49', '6.3','0'),
('prod4@bio.fr','CEL', 'S49', '3.3','22'),
('prod5@bio.fr','PAC', 'S49', '2','4'),
('prod1@bio.fr','PEC', 'S49', '3.4','45'),
('prod2@bio.fr','RAD', 'S49', '3.2','46'),
('prod3@bio.fr','PAR','S49', '2.1','84'),
('prod4@bio.fr','ANA', 'S49', '1.5','42'),
('prod5@bio.fr','FRA', 'S49', '5.2','4'),
('prod1@bio.fr','BAR', 'S49', '5.5','6'),
('prod2@bio.fr','FRI', 'S49', '2.3','45'),
('prod3@bio.fr','AGN', 'S49', '4.7','2'),
('prod4@bio.fr','CHF','S49', '8.6','35'),
('prod5@bio.fr','OIG', 'S49', '2.7','6'),
('prod1@bio.fr','COURG', 'S49', '1.6','78'),
('prod1@bio.fr','MER', 'S50', '5.6','18'),
('prod2@bio.fr','BRN', 'S50', '4.9','12'),
('prod3@bio.fr','CRE', 'S50', '2.8','16'),
('prod4@bio.fr','DBG', 'S50', '1','21'),
('prod5@bio.fr','BGT', 'S50', '4.9','0'),
('prod1@bio.fr','BRO', 'S50', '6.3','7'),
('prod2@bio.fr','CIT', 'S50', '5.7','24'),
('prod3@bio.fr','POM', 'S50', '6.3','0'),
('prod4@bio.fr','CEL', 'S50', '3.3','22'),
('prod5@bio.fr','PAC', 'S50', '2','4'),
('prod1@bio.fr','PEC', 'S50', '3.4','45'),
('prod2@bio.fr','RAD', 'S50', '3.2','46'),
('prod3@bio.fr','PAR','S50', '2.1','84'),
('prod4@bio.fr','ANA', 'S50', '1.5','42'),
('prod5@bio.fr','FRA', 'S50', '5.2','4'),
('prod1@bio.fr','BAR', 'S50', '5.5','6'),
('prod2@bio.fr','FRI', 'S50', '2.3','45'),
('prod3@bio.fr','AGN', 'S50', '4.7','2'),
('prod4@bio.fr','CHF','S50', '8.6','35'),
('prod5@bio.fr','OIG', 'S50', '2.7','6'),
('prod1@bio.fr','COURG', 'S50', '1.6','78'),
('prod1@bio.fr','MER', 'S51', '5.6','18'),
('prod2@bio.fr','BRN', 'S51', '4.9','12'),
('prod3@bio.fr','CRE', 'S51', '2.8','16'),
('prod4@bio.fr','DBG', 'S51', '1','21'),
('prod5@bio.fr','BGT', 'S51', '4.9','0'),
('prod1@bio.fr','BRO', 'S51', '6.3','7'),
('prod2@bio.fr','CIT', 'S51', '5.7','24'),
('prod3@bio.fr','POM', 'S51', '6.3','0'),
('prod4@bio.fr','CEL', 'S51', '3.3','22'),
('prod5@bio.fr','PAC', 'S51', '2','4'),
('prod1@bio.fr','PEC', 'S51', '3.4','45'),
('prod2@bio.fr','RAD', 'S51', '3.2','46'),
('prod3@bio.fr','PAR','S51', '2.1','84'),
('prod4@bio.fr','ANA', 'S51', '1.5','42'),
('prod5@bio.fr','FRA', 'S51', '5.2','4'),
('prod1@bio.fr','BAR', 'S51', '5.5','6'),
('prod2@bio.fr','FRI', 'S51', '2.3','45'),
('prod3@bio.fr','AGN', 'S51', '4.7','2'),
('prod4@bio.fr','CHF','S51', '8.6','35'),
('prod5@bio.fr','OIG', 'S51', '2.7','6'),
('prod1@bio.fr','COURG', 'S51', '1.6','78'),
('prod1@bio.fr','MER', 'S52', '5.6','18'),
('prod2@bio.fr','BRN', 'S52', '4.9','12'),
('prod3@bio.fr','CRE', 'S52', '2.8','16'),
('prod4@bio.fr','DBG', 'S52', '1','21'),
('prod5@bio.fr','BGT', 'S52', '4.9','0'),
('prod1@bio.fr','BRO', 'S52', '6.3','7'),
('prod2@bio.fr','CIT', 'S52', '5.7','24'),
('prod3@bio.fr','POM', 'S52', '6.3','0'),
('prod4@bio.fr','CEL', 'S52', '3.3','22'),
('prod5@bio.fr','PAC', 'S52', '2','4'),
('prod1@bio.fr','PEC', 'S52', '3.4','45'),
('prod2@bio.fr','RAD', 'S52', '3.2','46'),
('prod3@bio.fr','PAR','S52', '2.1','84'),
('prod4@bio.fr','ANA', 'S52', '1.5','42'),
('prod5@bio.fr','FRA', 'S52', '5.2','4'),
('prod1@bio.fr','BAR', 'S52', '5.5','6'),
('prod2@bio.fr','FRI', 'S52', '2.3','45'),
('prod3@bio.fr','AGN', 'S52', '4.7','2'),
('prod4@bio.fr','CHF','S52', '8.6','35'),
('prod5@bio.fr','OIG', 'S52', '2.7','6'),
('prod1@bio.fr','COURG', 'S52', '1.6','78'),
('prod1@bio.fr','MER', 'S53', '5.6','18'),
('prod2@bio.fr','BRN', 'S53', '4.9','12'),
('prod3@bio.fr','CRE', 'S53', '2.8','16'),
('prod4@bio.fr','DBG', 'S53', '1','21'),
('prod5@bio.fr','BGT', 'S53', '4.9','0'),
('prod1@bio.fr','BRO', 'S53', '6.3','7'),
('prod2@bio.fr','CIT', 'S53', '5.7','24'),
('prod3@bio.fr','POM', 'S53', '6.3','0'),
('prod4@bio.fr','CEL', 'S53', '3.3','22'),
('prod5@bio.fr','PAC', 'S53', '2','4'),
('prod1@bio.fr','PEC', 'S53', '3.4','45'),
('prod2@bio.fr','RAD', 'S53', '3.2','46'),
('prod3@bio.fr','PAR','S53', '2.1','84'),
('prod4@bio.fr','ANA', 'S53', '1.5','42'),
('prod5@bio.fr','FRA', 'S53', '5.2','4'),
('prod1@bio.fr','BAR', 'S53', '5.5','6'),
('prod2@bio.fr','FRI', 'S53', '2.3','45'),
('prod3@bio.fr','AGN', 'S53', '4.7','2'),
('prod4@bio.fr','CHF','S53', '8.6','35'),
('prod5@bio.fr','OIG', 'S53', '2.7','6'),
('prod1@bio.fr','COURG', 'S53', '1.6','78'),
('prod1@bio.fr','MER', 'S54', '5.6','18'),
('prod2@bio.fr','BRN', 'S54', '4.9','12'),
('prod3@bio.fr','CRE', 'S54', '2.8','16'),
('prod4@bio.fr','DBG', 'S54', '1','21'),
('prod5@bio.fr','BGT', 'S54', '4.9','0'),
('prod1@bio.fr','BRO', 'S54', '6.3','7'),
('prod2@bio.fr','CIT', 'S54', '5.7','24'),
('prod3@bio.fr','POM', 'S54', '6.3','0'),
('prod4@bio.fr','CEL', 'S54', '3.3','22'),
('prod5@bio.fr','PAC', 'S54', '2','4'),
('prod1@bio.fr','PEC', 'S54', '3.4','45'),
('prod2@bio.fr','RAD', 'S54', '3.2','46'),
('prod3@bio.fr','PAR','S54', '2.1','84'),
('prod4@bio.fr','ANA', 'S54', '1.5','42'),
('prod5@bio.fr','FRA', 'S54', '5.2','4'),
('prod1@bio.fr','BAR', 'S54', '5.5','6'),
('prod2@bio.fr','FRI', 'S54', '2.3','45'),
('prod3@bio.fr','AGN', 'S54', '4.7','2'),
('prod4@bio.fr','CHF','S54', '8.6','35'),
('prod5@bio.fr','OIG', 'S54', '2.7','6'),
('prod1@bio.fr','COURG', 'S54', '1.6','78'),
('prod1@bio.fr','MER', 'S55', '5.6','18'),
('prod2@bio.fr','BRN', 'S55', '4.9','12'),
('prod3@bio.fr','CRE', 'S55', '2.8','16'),
('prod4@bio.fr','DBG', 'S55', '1','21'),
('prod5@bio.fr','BGT', 'S55', '4.9','0'),
('prod1@bio.fr','BRO', 'S55', '6.3','7'),
('prod2@bio.fr','CIT', 'S55', '5.7','24'),
('prod3@bio.fr','POM', 'S55', '6.3','0'),
('prod4@bio.fr','CEL', 'S55', '3.3','22'),
('prod5@bio.fr','PAC', 'S55', '2','4'),
('prod1@bio.fr','PEC', 'S55', '3.4','45'),
('prod2@bio.fr','RAD', 'S55', '3.2','46'),
('prod3@bio.fr','PAR','S55', '2.1','84'),
('prod4@bio.fr','ANA', 'S55', '1.5','42'),
('prod5@bio.fr','FRA', 'S55', '5.2','4'),
('prod1@bio.fr','BAR', 'S55', '5.5','6'),
('prod2@bio.fr','FRI', 'S55', '2.3','45'),
('prod3@bio.fr','AGN', 'S55', '4.7','2'),
('prod4@bio.fr','CHF','S55', '8.6','35'),
('prod5@bio.fr','OIG', 'S55', '2.7','6'),
('prod1@bio.fr','COURG', 'S55', '1.6','78'),
('prod1@bio.fr','MER', 'S56', '5.6','18'),
('prod2@bio.fr','BRN', 'S56', '4.9','12'),
('prod3@bio.fr','CRE', 'S56', '2.8','16'),
('prod4@bio.fr','DBG', 'S56', '1','21'),
('prod5@bio.fr','BGT', 'S56', '4.9','0'),
('prod1@bio.fr','BRO', 'S56', '6.3','7'),
('prod2@bio.fr','CIT', 'S56', '5.7','24'),
('prod3@bio.fr','POM', 'S56', '6.3','0'),
('prod4@bio.fr','CEL', 'S56', '3.3','22'),
('prod5@bio.fr','PAC', 'S56', '2','4'),
('prod1@bio.fr','PEC', 'S56', '3.4','45'),
('prod2@bio.fr','RAD', 'S56', '3.2','46'),
('prod3@bio.fr','PAR','S56', '2.1','84'),
('prod4@bio.fr','ANA', 'S56', '1.5','42'),
('prod5@bio.fr','FRA', 'S56', '5.2','4'),
('prod1@bio.fr','BAR', 'S56', '5.5','6'),
('prod2@bio.fr','FRI', 'S56', '2.3','45'),
('prod3@bio.fr','AGN', 'S56', '4.7','2'),
('prod4@bio.fr','CHF','S56', '8.6','35'),
('prod5@bio.fr','OIG', 'S56', '2.7','6'),
('prod1@bio.fr','COURG', 'S56', '1.6','78'),
('prod1@bio.fr','MER', 'S57', '5.6','18'),
('prod2@bio.fr','BRN', 'S57', '4.9','12'),
('prod3@bio.fr','CRE', 'S57', '2.8','16'),
('prod4@bio.fr','DBG', 'S57', '1','21'),
('prod5@bio.fr','BGT', 'S57', '4.9','0'),
('prod1@bio.fr','BRO', 'S57', '6.3','7'),
('prod2@bio.fr','CIT', 'S57', '5.7','24'),
('prod3@bio.fr','POM', 'S57', '6.3','0'),
('prod4@bio.fr','CEL', 'S57', '3.3','22'),
('prod5@bio.fr','PAC', 'S57', '2','4'),
('prod1@bio.fr','PEC', 'S57', '3.4','45'),
('prod2@bio.fr','RAD', 'S57', '3.2','46'),
('prod3@bio.fr','PAR','S57', '2.1','84'),
('prod4@bio.fr','ANA', 'S57', '1.5','42'),
('prod5@bio.fr','FRA', 'S57', '5.2','4'),
('prod1@bio.fr','BAR', 'S57', '5.5','6'),
('prod2@bio.fr','FRI', 'S57', '2.3','45'),
('prod3@bio.fr','AGN', 'S57', '4.7','2'),
('prod4@bio.fr','CHF','S57', '8.6','35'),
('prod5@bio.fr','OIG', 'S57', '2.7','6'),
('prod1@bio.fr','COURG', 'S57', '1.6','78'),
('prod1@bio.fr','MER', 'S58', '5.6','18'),
('prod2@bio.fr','BRN', 'S58', '4.9','12'),
('prod3@bio.fr','CRE', 'S58', '2.8','16'),
('prod4@bio.fr','DBG', 'S58', '1','21'),
('prod5@bio.fr','BGT', 'S58', '4.9','0'),
('prod1@bio.fr','BRO', 'S58', '6.3','7'),
('prod2@bio.fr','CIT', 'S58', '5.7','24'),
('prod3@bio.fr','POM', 'S58', '6.3','0'),
('prod4@bio.fr','CEL', 'S58', '3.3','22'),
('prod5@bio.fr','PAC', 'S58', '2','4'),
('prod1@bio.fr','PEC', 'S58', '3.4','45'),
('prod2@bio.fr','RAD', 'S58', '3.2','46'),
('prod3@bio.fr','PAR','S58', '2.1','84'),
('prod4@bio.fr','ANA', 'S58', '1.5','42'),
('prod5@bio.fr','FRA', 'S58', '5.2','4'),
('prod1@bio.fr','BAR', 'S58', '5.5','6'),
('prod2@bio.fr','FRI', 'S58', '2.3','45'),
('prod3@bio.fr','AGN', 'S58', '4.7','2'),
('prod4@bio.fr','CHF','S58', '8.6','35'),
('prod5@bio.fr','OIG', 'S58', '2.7','6'),
('prod1@bio.fr','COURG', 'S58', '1.6','78'),
('prod1@bio.fr','MER', 'S59', '5.6','18'),
('prod2@bio.fr','BRN', 'S59', '4.9','12'),
('prod3@bio.fr','CRE', 'S59', '2.8','16'),
('prod4@bio.fr','DBG', 'S59', '1','21'),
('prod5@bio.fr','BGT', 'S59', '4.9','0'),
('prod1@bio.fr','BRO', 'S59', '6.3','7'),
('prod2@bio.fr','CIT', 'S59', '5.7','24'),
('prod3@bio.fr','POM', 'S59', '6.3','0'),
('prod4@bio.fr','CEL', 'S59', '3.3','22'),
('prod5@bio.fr','PAC', 'S59', '2','4'),
('prod1@bio.fr','PEC', 'S59', '3.4','45'),
('prod2@bio.fr','RAD', 'S59', '3.2','46'),
('prod3@bio.fr','PAR','S59', '2.1','84'),
('prod4@bio.fr','ANA', 'S59', '1.5','42'),
('prod5@bio.fr','FRA', 'S59', '5.2','4'),
('prod1@bio.fr','BAR', 'S59', '5.5','6'),
('prod2@bio.fr','FRI', 'S59', '2.3','45'),
('prod3@bio.fr','AGN', 'S59', '4.7','2'),
('prod4@bio.fr','CHF','S59', '8.6','35'),
('prod5@bio.fr','OIG', 'S59', '2.7','6'),
('prod1@bio.fr','COURG', 'S59', '1.6','78'),
('prod1@bio.fr','MER', 'S60', '5.6','18'),
('prod2@bio.fr','BRN', 'S60', '4.9','12'),
('prod3@bio.fr','CRE', 'S60', '2.8','16'),
('prod4@bio.fr','DBG', 'S60', '1','21'),
('prod5@bio.fr','BGT', 'S60', '4.9','0'),
('prod1@bio.fr','BRO', 'S60', '6.3','7'),
('prod2@bio.fr','CIT', 'S60', '5.7','24'),
('prod3@bio.fr','POM', 'S60', '6.3','0'),
('prod4@bio.fr','CEL', 'S60', '3.3','22'),
('prod5@bio.fr','PAC', 'S60', '2','4'),
('prod1@bio.fr','PEC', 'S60', '3.4','45'),
('prod2@bio.fr','RAD', 'S60', '3.2','46'),
('prod3@bio.fr','PAR','S60', '2.1','84'),
('prod4@bio.fr','ANA', 'S60', '1.5','42'),
('prod5@bio.fr','FRA', 'S60', '5.2','4'),
('prod1@bio.fr','BAR', 'S60', '5.5','6'),
('prod2@bio.fr','FRI', 'S60', '2.3','45'),
('prod3@bio.fr','AGN', 'S60', '4.7','2'),
('prod4@bio.fr','CHF','S60', '8.6','35'),
('prod5@bio.fr','OIG', 'S60', '2.7','6'),
('prod1@bio.fr','COURG', 'S60', '1.6','78'),
('prod1@bio.fr','MER', 'S61', '5.6','18'),
('prod2@bio.fr','BRN', 'S61', '4.9','12'),
('prod3@bio.fr','CRE', 'S61', '2.8','16'),
('prod4@bio.fr','DBG', 'S61', '1','21'),
('prod5@bio.fr','BGT', 'S61', '4.9','0'),
('prod1@bio.fr','BRO', 'S61', '6.3','7'),
('prod2@bio.fr','CIT', 'S61', '5.7','24'),
('prod3@bio.fr','POM', 'S61', '6.3','0'),
('prod4@bio.fr','CEL', 'S61', '3.3','22'),
('prod5@bio.fr','PAC', 'S61', '2','4'),
('prod1@bio.fr','PEC', 'S61', '3.4','45'),
('prod2@bio.fr','RAD', 'S61', '3.2','46'),
('prod3@bio.fr','PAR','S61', '2.1','84'),
('prod4@bio.fr','ANA', 'S61', '1.5','42'),
('prod5@bio.fr','FRA', 'S61', '5.2','4'),
('prod1@bio.fr','BAR', 'S61', '5.5','6'),
('prod2@bio.fr','FRI', 'S61', '2.3','45'),
('prod3@bio.fr','AGN', 'S61', '4.7','2'),
('prod4@bio.fr','CHF','S61', '8.6','35'),
('prod5@bio.fr','OIG', 'S61', '2.7','6'),
('prod1@bio.fr','COURG', 'S61', '1.6','78'),
('prod1@bio.fr','MER', 'S62', '5.6','18'),
('prod2@bio.fr','BRN', 'S62', '4.9','12'),
('prod3@bio.fr','CRE', 'S62', '2.8','16'),
('prod4@bio.fr','DBG', 'S62', '1','21'),
('prod5@bio.fr','BGT', 'S62', '4.9','0'),
('prod1@bio.fr','BRO', 'S62', '6.3','7'),
('prod2@bio.fr','CIT', 'S62', '5.7','24'),
('prod3@bio.fr','POM', 'S62', '6.3','0'),
('prod4@bio.fr','CEL', 'S62', '3.3','22'),
('prod5@bio.fr','PAC', 'S62', '2','4'),
('prod1@bio.fr','PEC', 'S62', '3.4','45'),
('prod2@bio.fr','RAD', 'S62', '3.2','46'),
('prod3@bio.fr','PAR','S62', '2.1','84'),
('prod4@bio.fr','ANA', 'S62', '1.5','42'),
('prod5@bio.fr','FRA', 'S62', '5.2','4'),
('prod1@bio.fr','BAR', 'S62', '5.5','6'),
('prod2@bio.fr','FRI', 'S62', '2.3','45'),
('prod3@bio.fr','AGN', 'S62', '4.7','2'),
('prod4@bio.fr','CHF','S62', '8.6','35'),
('prod5@bio.fr','OIG', 'S62', '2.7','6'),
('prod1@bio.fr','COURG', 'S62', '1.6','78'),
('prod1@bio.fr','MER', 'S63', '5.6','18'),
('prod2@bio.fr','BRN', 'S63', '4.9','12'),
('prod3@bio.fr','CRE', 'S63', '2.8','16'),
('prod4@bio.fr','DBG', 'S63', '1','21'),
('prod5@bio.fr','BGT', 'S63', '4.9','0'),
('prod1@bio.fr','BRO', 'S63', '6.3','7'),
('prod2@bio.fr','CIT', 'S63', '5.7','24'),
('prod3@bio.fr','POM', 'S63', '6.3','0'),
('prod4@bio.fr','CEL', 'S63', '3.3','22'),
('prod5@bio.fr','PAC', 'S63', '2','4'),
('prod1@bio.fr','PEC', 'S63', '3.4','45'),
('prod2@bio.fr','RAD', 'S63', '3.2','46'),
('prod3@bio.fr','PAR','S63', '2.1','84'),
('prod4@bio.fr','ANA', 'S63', '1.5','42'),
('prod5@bio.fr','FRA', 'S63', '5.2','4'),
('prod1@bio.fr','BAR', 'S63', '5.5','6'),
('prod2@bio.fr','FRI', 'S63', '2.3','45'),
('prod3@bio.fr','AGN', 'S63', '4.7','2'),
('prod4@bio.fr','CHF','S63', '8.6','35'),
('prod5@bio.fr','OIG', 'S63', '2.7','6'),
('prod1@bio.fr','COURG', 'S63', '1.6','78'),
('prod1@bio.fr','MER', 'S64', '5.6','18'),
('prod2@bio.fr','BRN', 'S64', '4.9','12'),
('prod3@bio.fr','CRE', 'S64', '2.8','16'),
('prod4@bio.fr','DBG', 'S64', '1','21'),
('prod5@bio.fr','BGT', 'S64', '4.9','0'),
('prod1@bio.fr','BRO', 'S64', '6.3','7'),
('prod2@bio.fr','CIT', 'S64', '5.7','24'),
('prod3@bio.fr','POM', 'S64', '6.3','0'),
('prod4@bio.fr','CEL', 'S64', '3.3','22'),
('prod5@bio.fr','PAC', 'S64', '2','4'),
('prod1@bio.fr','PEC', 'S64', '3.4','45'),
('prod2@bio.fr','RAD', 'S64', '3.2','46'),
('prod3@bio.fr','PAR','S64', '2.1','84'),
('prod4@bio.fr','ANA', 'S64', '1.5','42'),
('prod5@bio.fr','FRA', 'S64', '5.2','4'),
('prod1@bio.fr','BAR', 'S64', '5.5','6'),
('prod2@bio.fr','FRI', 'S64', '2.3','45'),
('prod3@bio.fr','AGN', 'S64', '4.7','2'),
('prod4@bio.fr','CHF','S64', '8.6','35'),
('prod5@bio.fr','OIG', 'S64', '2.7','6'),
('prod1@bio.fr','COURG', 'S64', '1.6','78'),
('prod1@bio.fr','MER', 'S65', '5.6','18'),
('prod2@bio.fr','BRN', 'S65', '4.9','12'),
('prod3@bio.fr','CRE', 'S65', '2.8','16'),
('prod4@bio.fr','DBG', 'S65', '1','21'),
('prod5@bio.fr','BGT', 'S65', '4.9','0'),
('prod1@bio.fr','BRO', 'S65', '6.3','7'),
('prod2@bio.fr','CIT', 'S65', '5.7','24'),
('prod3@bio.fr','POM', 'S65', '6.3','0'),
('prod4@bio.fr','CEL', 'S65', '3.3','22'),
('prod5@bio.fr','PAC', 'S65', '2','4'),
('prod1@bio.fr','PEC', 'S65', '3.4','45'),
('prod2@bio.fr','RAD', 'S65', '3.2','46'),
('prod3@bio.fr','PAR','S65', '2.1','84'),
('prod4@bio.fr','ANA', 'S65', '1.5','42'),
('prod5@bio.fr','FRA', 'S65', '5.2','4'),
('prod1@bio.fr','BAR', 'S65', '5.5','6'),
('prod2@bio.fr','FRI', 'S65', '2.3','45'),
('prod3@bio.fr','AGN', 'S65', '4.7','2'),
('prod4@bio.fr','CHF','S65', '8.6','35'),
('prod5@bio.fr','OIG', 'S65', '2.7','6'),
('prod1@bio.fr','COURG', 'S65', '1.6','78'),
('prod1@bio.fr','MER', 'S66', '5.6','18'),
('prod2@bio.fr','BRN', 'S66', '4.9','12'),
('prod3@bio.fr','CRE', 'S66', '2.8','16'),
('prod4@bio.fr','DBG', 'S66', '1','21'),
('prod5@bio.fr','BGT', 'S66', '4.9','0'),
('prod1@bio.fr','BRO', 'S66', '6.3','7'),
('prod2@bio.fr','CIT', 'S66', '5.7','24'),
('prod3@bio.fr','POM', 'S66', '6.3','0'),
('prod4@bio.fr','CEL', 'S66', '3.3','22'),
('prod5@bio.fr','PAC', 'S66', '2','4'),
('prod1@bio.fr','PEC', 'S66', '3.4','45'),
('prod2@bio.fr','RAD', 'S66', '3.2','46'),
('prod3@bio.fr','PAR','S66', '2.1','84'),
('prod4@bio.fr','ANA', 'S66', '1.5','42'),
('prod5@bio.fr','FRA', 'S66', '5.2','4'),
('prod1@bio.fr','BAR', 'S66', '5.5','6'),
('prod2@bio.fr','FRI', 'S66', '2.3','45'),
('prod3@bio.fr','AGN', 'S66', '4.7','2'),
('prod4@bio.fr','CHF','S66', '8.6','35'),
('prod5@bio.fr','OIG', 'S66', '2.7','6'),
('prod1@bio.fr','COURG', 'S66', '1.6','78'),
('prod1@bio.fr','MER', 'S67', '5.6','18'),
('prod2@bio.fr','BRN', 'S67', '4.9','12'),
('prod3@bio.fr','CRE', 'S67', '2.8','16'),
('prod4@bio.fr','DBG', 'S67', '1','21'),
('prod5@bio.fr','BGT', 'S67', '4.9','0'),
('prod1@bio.fr','BRO', 'S67', '6.3','7'),
('prod2@bio.fr','CIT', 'S67', '5.7','24'),
('prod3@bio.fr','POM', 'S67', '6.3','0'),
('prod4@bio.fr','CEL', 'S67', '3.3','22'),
('prod5@bio.fr','PAC', 'S67', '2','4'),
('prod1@bio.fr','PEC', 'S67', '3.4','45'),
('prod2@bio.fr','RAD', 'S67', '3.2','46'),
('prod3@bio.fr','PAR','S67', '2.1','84'),
('prod4@bio.fr','ANA', 'S67', '1.5','42'),
('prod5@bio.fr','FRA', 'S67', '5.2','4'),
('prod1@bio.fr','BAR', 'S67', '5.5','6'),
('prod2@bio.fr','FRI', 'S67', '2.3','45'),
('prod3@bio.fr','AGN', 'S67', '4.7','2'),
('prod4@bio.fr','CHF','S67', '8.6','35'),
('prod5@bio.fr','OIG', 'S67', '2.7','6'),
('prod1@bio.fr','COURG', 'S67', '1.6','78'),
('prod1@bio.fr','MER', 'S68', '5.6','18'),
('prod2@bio.fr','BRN', 'S68', '4.9','12'),
('prod3@bio.fr','CRE', 'S68', '2.8','16'),
('prod4@bio.fr','DBG', 'S68', '1','21'),
('prod5@bio.fr','BGT', 'S68', '4.9','0'),
('prod1@bio.fr','BRO', 'S68', '6.3','7'),
('prod2@bio.fr','CIT', 'S68', '5.7','24'),
('prod3@bio.fr','POM', 'S68', '6.3','0'),
('prod4@bio.fr','CEL', 'S68', '3.3','22'),
('prod5@bio.fr','PAC', 'S68', '2','4'),
('prod1@bio.fr','PEC', 'S68', '3.4','45'),
('prod2@bio.fr','RAD', 'S68', '3.2','46'),
('prod3@bio.fr','PAR','S68', '2.1','84'),
('prod4@bio.fr','ANA', 'S68', '1.5','42'),
('prod5@bio.fr','FRA', 'S68', '5.2','4'),
('prod1@bio.fr','BAR', 'S68', '5.5','6'),
('prod2@bio.fr','FRI', 'S68', '2.3','45'),
('prod3@bio.fr','AGN', 'S68', '4.7','2'),
('prod4@bio.fr','CHF','S68', '8.6','35'),
('prod5@bio.fr','OIG', 'S68', '2.7','6'),
('prod1@bio.fr','COURG', 'S68', '1.6','78'),
('prod1@bio.fr','MER', 'S69', '5.6','18'),
('prod2@bio.fr','BRN', 'S69', '4.9','12'),
('prod3@bio.fr','CRE', 'S69', '2.8','16'),
('prod4@bio.fr','DBG', 'S69', '1','21'),
('prod5@bio.fr','BGT', 'S69', '4.9','0'),
('prod1@bio.fr','BRO', 'S69', '6.3','7'),
('prod2@bio.fr','CIT', 'S69', '5.7','24'),
('prod3@bio.fr','POM', 'S69', '6.3','0'),
('prod4@bio.fr','CEL', 'S69', '3.3','22'),
('prod5@bio.fr','PAC', 'S69', '2','4'),
('prod1@bio.fr','PEC', 'S69', '3.4','45'),
('prod2@bio.fr','RAD', 'S69', '3.2','46'),
('prod3@bio.fr','PAR','S69', '2.1','84'),
('prod4@bio.fr','ANA', 'S69', '1.5','42'),
('prod5@bio.fr','FRA', 'S69', '5.2','4'),
('prod1@bio.fr','BAR', 'S69', '5.5','6'),
('prod2@bio.fr','FRI', 'S69', '2.3','45'),
('prod3@bio.fr','AGN', 'S69', '4.7','2'),
('prod4@bio.fr','CHF','S69', '8.6','35'),
('prod5@bio.fr','OIG', 'S69', '2.7','6'),
('prod1@bio.fr','COURG', 'S69', '1.6','78'),
('prod1@bio.fr','MER', 'S70', '5.6','18'),
('prod2@bio.fr','BRN', 'S70', '4.9','12'),
('prod3@bio.fr','CRE', 'S70', '2.8','16'),
('prod4@bio.fr','DBG', 'S70', '1','21'),
('prod5@bio.fr','BGT', 'S70', '4.9','0'),
('prod1@bio.fr','BRO', 'S70', '6.3','7'),
('prod2@bio.fr','CIT', 'S70', '5.7','24'),
('prod3@bio.fr','POM', 'S70', '6.3','0'),
('prod4@bio.fr','CEL', 'S70', '3.3','22'),
('prod5@bio.fr','PAC', 'S70', '2','4'),
('prod1@bio.fr','PEC', 'S70', '3.4','45'),
('prod2@bio.fr','RAD', 'S70', '3.2','46'),
('prod3@bio.fr','PAR','S70', '2.1','84'),
('prod4@bio.fr','ANA', 'S70', '1.5','42'),
('prod5@bio.fr','FRA', 'S70', '5.2','4'),
('prod1@bio.fr','BAR', 'S70', '5.5','6'),
('prod2@bio.fr','FRI', 'S70', '2.3','45'),
('prod3@bio.fr','AGN', 'S70', '4.7','2'),
('prod4@bio.fr','CHF','S70', '8.6','35'),
('prod5@bio.fr','OIG', 'S70', '2.7','6'),
('prod1@bio.fr','COURG', 'S70', '1.6','78'),
('prod1@bio.fr','MER', 'S71', '5.6','18'),
('prod2@bio.fr','BRN', 'S71', '4.9','12'),
('prod3@bio.fr','CRE', 'S71', '2.8','16'),
('prod4@bio.fr','DBG', 'S71', '1','21'),
('prod5@bio.fr','BGT', 'S71', '4.9','0'),
('prod1@bio.fr','BRO', 'S71', '6.3','7'),
('prod2@bio.fr','CIT', 'S71', '5.7','24'),
('prod3@bio.fr','POM', 'S71', '6.3','0'),
('prod4@bio.fr','CEL', 'S71', '3.3','22'),
('prod5@bio.fr','PAC', 'S71', '2','4'),
('prod1@bio.fr','PEC', 'S71', '3.4','45'),
('prod2@bio.fr','RAD', 'S71', '3.2','46'),
('prod3@bio.fr','PAR','S71', '2.1','84'),
('prod4@bio.fr','ANA', 'S71', '1.5','42'),
('prod5@bio.fr','FRA', 'S71', '5.2','4'),
('prod1@bio.fr','BAR', 'S71', '5.5','6'),
('prod2@bio.fr','FRI', 'S71', '2.3','45'),
('prod3@bio.fr','AGN', 'S71', '4.7','2'),
('prod4@bio.fr','CHF','S71', '8.6','35'),
('prod5@bio.fr','OIG', 'S71', '2.7','6'),
('prod1@bio.fr','COURG', 'S71', '1.6','78'),
('prod1@bio.fr','MER', 'S72', '5.6','18'),
('prod2@bio.fr','BRN', 'S72', '4.9','12'),
('prod3@bio.fr','CRE', 'S72', '2.8','16'),
('prod4@bio.fr','DBG', 'S72', '1','21'),
('prod5@bio.fr','BGT', 'S72', '4.9','0'),
('prod1@bio.fr','BRO', 'S72', '6.3','7'),
('prod2@bio.fr','CIT', 'S72', '5.7','24'),
('prod3@bio.fr','POM', 'S72', '6.3','0'),
('prod4@bio.fr','CEL', 'S72', '3.3','22'),
('prod5@bio.fr','PAC', 'S72', '2','4'),
('prod1@bio.fr','PEC', 'S72', '3.4','45'),
('prod2@bio.fr','RAD', 'S72', '3.2','46'),
('prod3@bio.fr','PAR','S72', '2.1','84'),
('prod4@bio.fr','ANA', 'S72', '1.5','42'),
('prod5@bio.fr','FRA', 'S72', '5.2','4'),
('prod1@bio.fr','BAR', 'S72', '5.5','6'),
('prod2@bio.fr','FRI', 'S72', '2.3','45'),
('prod3@bio.fr','AGN', 'S72', '4.7','2'),
('prod4@bio.fr','CHF','S72', '8.6','35'),
('prod5@bio.fr','OIG', 'S72', '2.7','6'),
('prod1@bio.fr','COURG', 'S72', '1.6','78'),
('prod1@bio.fr','MER', 'S73', '5.6','18'),
('prod2@bio.fr','BRN', 'S73', '4.9','12'),
('prod3@bio.fr','CRE', 'S73', '2.8','16'),
('prod4@bio.fr','DBG', 'S73', '1','21'),
('prod5@bio.fr','BGT', 'S73', '4.9','0'),
('prod1@bio.fr','BRO', 'S73', '6.3','7'),
('prod2@bio.fr','CIT', 'S73', '5.7','24'),
('prod3@bio.fr','POM', 'S73', '6.3','0'),
('prod4@bio.fr','CEL', 'S73', '3.3','22'),
('prod5@bio.fr','PAC', 'S73', '2','4'),
('prod1@bio.fr','PEC', 'S73', '3.4','45'),
('prod2@bio.fr','RAD', 'S73', '3.2','46'),
('prod3@bio.fr','PAR','S73', '2.1','84'),
('prod4@bio.fr','ANA', 'S73', '1.5','42'),
('prod5@bio.fr','FRA', 'S73', '5.2','4'),
('prod1@bio.fr','BAR', 'S73', '5.5','6'),
('prod2@bio.fr','FRI', 'S73', '2.3','45'),
('prod3@bio.fr','AGN', 'S73', '4.7','2'),
('prod4@bio.fr','CHF','S73', '8.6','35'),
('prod5@bio.fr','OIG', 'S73', '2.7','6'),
('prod1@bio.fr','COURG', 'S73', '1.6','78'),
('prod1@bio.fr','MER', 'S74', '5.6','18'),
('prod2@bio.fr','BRN', 'S74', '4.9','12'),
('prod3@bio.fr','CRE', 'S74', '2.8','16'),
('prod4@bio.fr','DBG', 'S74', '1','21'),
('prod5@bio.fr','BGT', 'S74', '4.9','0'),
('prod1@bio.fr','BRO', 'S74', '6.3','7'),
('prod2@bio.fr','CIT', 'S74', '5.7','24'),
('prod3@bio.fr','POM', 'S74', '6.3','0'),
('prod4@bio.fr','CEL', 'S74', '3.3','22'),
('prod5@bio.fr','PAC', 'S74', '2','4'),
('prod1@bio.fr','PEC', 'S74', '3.4','45'),
('prod2@bio.fr','RAD', 'S74', '3.2','46'),
('prod3@bio.fr','PAR','S74', '2.1','84'),
('prod4@bio.fr','ANA', 'S74', '1.5','42'),
('prod5@bio.fr','FRA', 'S74', '5.2','4'),
('prod1@bio.fr','BAR', 'S74', '5.5','6'),
('prod2@bio.fr','FRI', 'S74', '2.3','45'),
('prod3@bio.fr','AGN', 'S74', '4.7','2'),
('prod4@bio.fr','CHF','S74', '8.6','35'),
('prod5@bio.fr','OIG', 'S74', '2.7','6'),
('prod1@bio.fr','COURG', 'S74', '1.6','78'),
('prod1@bio.fr','MER', 'S75', '5.6','18'),
('prod2@bio.fr','BRN', 'S75', '4.9','12'),
('prod3@bio.fr','CRE', 'S75', '2.8','16'),
('prod4@bio.fr','DBG', 'S75', '1','21'),
('prod5@bio.fr','BGT', 'S75', '4.9','0'),
('prod1@bio.fr','BRO', 'S75', '6.3','7'),
('prod2@bio.fr','CIT', 'S75', '5.7','24'),
('prod3@bio.fr','POM', 'S75', '6.3','0'),
('prod4@bio.fr','CEL', 'S75', '3.3','22'),
('prod5@bio.fr','PAC', 'S75', '2','4'),
('prod1@bio.fr','PEC', 'S75', '3.4','45'),
('prod2@bio.fr','RAD', 'S75', '3.2','46'),
('prod3@bio.fr','PAR','S75', '2.1','84'),
('prod4@bio.fr','ANA', 'S75', '1.5','42'),
('prod5@bio.fr','FRA', 'S75', '5.2','4'),
('prod1@bio.fr','BAR', 'S75', '5.5','6'),
('prod2@bio.fr','FRI', 'S75', '2.3','45'),
('prod3@bio.fr','AGN', 'S75', '4.7','2'),
('prod4@bio.fr','CHF','S75', '8.6','35'),
('prod5@bio.fr','OIG', 'S75', '2.7','6'),
('prod1@bio.fr','COURG', 'S75', '1.6','78'),
('prod1@bio.fr','MER', 'S76', '5.6','18'),
('prod2@bio.fr','BRN', 'S76', '4.9','12'),
('prod3@bio.fr','CRE', 'S76', '2.8','16'),
('prod4@bio.fr','DBG', 'S76', '1','21'),
('prod5@bio.fr','BGT', 'S76', '4.9','0'),
('prod1@bio.fr','BRO', 'S76', '6.3','7'),
('prod2@bio.fr','CIT', 'S76', '5.7','24'),
('prod3@bio.fr','POM', 'S76', '6.3','0'),
('prod4@bio.fr','CEL', 'S76', '3.3','22'),
('prod5@bio.fr','PAC', 'S76', '2','4'),
('prod1@bio.fr','PEC', 'S76', '3.4','45'),
('prod2@bio.fr','RAD', 'S76', '3.2','46'),
('prod3@bio.fr','PAR','S76', '2.1','84'),
('prod4@bio.fr','ANA', 'S76', '1.5','42'),
('prod5@bio.fr','FRA', 'S76', '5.2','4'),
('prod1@bio.fr','BAR', 'S76', '5.5','6'),
('prod2@bio.fr','FRI', 'S76', '2.3','45'),
('prod3@bio.fr','AGN', 'S76', '4.7','2'),
('prod4@bio.fr','CHF','S76', '8.6','35'),
('prod5@bio.fr','OIG', 'S76', '2.7','6'),
('prod1@bio.fr','COURG', 'S76', '1.6','78'),
('prod1@bio.fr','MER', 'S77', '5.6','18'),
('prod2@bio.fr','BRN', 'S77', '4.9','12'),
('prod3@bio.fr','CRE', 'S77', '2.8','16'),
('prod4@bio.fr','DBG', 'S77', '1','21'),
('prod5@bio.fr','BGT', 'S77', '4.9','0'),
('prod1@bio.fr','BRO', 'S77', '6.3','7'),
('prod2@bio.fr','CIT', 'S77', '5.7','24'),
('prod3@bio.fr','POM', 'S77', '6.3','0'),
('prod4@bio.fr','CEL', 'S77', '3.3','22'),
('prod5@bio.fr','PAC', 'S77', '2','4'),
('prod1@bio.fr','PEC', 'S77', '3.4','45'),
('prod2@bio.fr','RAD', 'S77', '3.2','46'),
('prod3@bio.fr','PAR','S77', '2.1','84'),
('prod4@bio.fr','ANA', 'S77', '1.5','42'),
('prod5@bio.fr','FRA', 'S77', '5.2','4'),
('prod1@bio.fr','BAR', 'S77', '5.5','6'),
('prod2@bio.fr','FRI', 'S77', '2.3','45'),
('prod3@bio.fr','AGN', 'S77', '4.7','2'),
('prod4@bio.fr','CHF','S77', '8.6','35'),
('prod5@bio.fr','OIG', 'S77', '2.7','6'),
('prod1@bio.fr','COURG', 'S77', '1.6','78'),
('prod1@bio.fr','MER', 'S78', '5.6','18'),
('prod2@bio.fr','BRN', 'S78', '4.9','12'),
('prod3@bio.fr','CRE', 'S78', '2.8','16'),
('prod4@bio.fr','DBG', 'S78', '1','21'),
('prod5@bio.fr','BGT', 'S78', '4.9','0'),
('prod1@bio.fr','BRO', 'S78', '6.3','7'),
('prod2@bio.fr','CIT', 'S78', '5.7','24'),
('prod3@bio.fr','POM', 'S78', '6.3','0'),
('prod4@bio.fr','CEL', 'S78', '3.3','22'),
('prod5@bio.fr','PAC', 'S78', '2','4'),
('prod1@bio.fr','PEC', 'S78', '3.4','45'),
('prod2@bio.fr','RAD', 'S78', '3.2','46'),
('prod3@bio.fr','PAR','S78', '2.1','84'),
('prod4@bio.fr','ANA', 'S78', '1.5','42'),
('prod5@bio.fr','FRA', 'S78', '5.2','4'),
('prod1@bio.fr','BAR', 'S78', '5.5','6'),
('prod2@bio.fr','FRI', 'S78', '2.3','45'),
('prod3@bio.fr','AGN', 'S78', '4.7','2'),
('prod4@bio.fr','CHF','S78', '8.6','35'),
('prod5@bio.fr','OIG', 'S78', '2.7','6'),
('prod1@bio.fr','COURG', 'S78', '1.6','78'),
('prod1@bio.fr','MER', 'S79', '5.6','18'),
('prod2@bio.fr','BRN', 'S79', '4.9','12'),
('prod3@bio.fr','CRE', 'S79', '2.8','16'),
('prod4@bio.fr','DBG', 'S79', '1','21'),
('prod5@bio.fr','BGT', 'S79', '4.9','0'),
('prod1@bio.fr','BRO', 'S79', '6.3','7'),
('prod2@bio.fr','CIT', 'S79', '5.7','24'),
('prod3@bio.fr','POM', 'S79', '6.3','0'),
('prod4@bio.fr','CEL', 'S79', '3.3','22'),
('prod5@bio.fr','PAC', 'S79', '2','4'),
('prod1@bio.fr','PEC', 'S79', '3.4','45'),
('prod2@bio.fr','RAD', 'S79', '3.2','46'),
('prod3@bio.fr','PAR','S79', '2.1','84'),
('prod4@bio.fr','ANA', 'S79', '1.5','42'),
('prod5@bio.fr','FRA', 'S79', '5.2','4'),
('prod1@bio.fr','BAR', 'S79', '5.5','6'),
('prod2@bio.fr','FRI', 'S79', '2.3','45'),
('prod3@bio.fr','AGN', 'S79', '4.7','2'),
('prod4@bio.fr','CHF','S79', '8.6','35'),
('prod5@bio.fr','OIG', 'S79', '2.7','6'),
('prod1@bio.fr','COURG', 'S79', '1.6','78'),
('prod1@bio.fr','MER', 'S80', '5.6','18'),
('prod2@bio.fr','BRN', 'S80', '4.9','12'),
('prod3@bio.fr','CRE', 'S80', '2.8','16'),
('prod4@bio.fr','DBG', 'S80', '1','21'),
('prod5@bio.fr','BGT', 'S80', '4.9','0'),
('prod1@bio.fr','BRO', 'S80', '6.3','7'),
('prod2@bio.fr','CIT', 'S80', '5.7','24'),
('prod3@bio.fr','POM', 'S80', '6.3','0'),
('prod4@bio.fr','CEL', 'S80', '3.3','22'),
('prod5@bio.fr','PAC', 'S80', '2','4'),
('prod1@bio.fr','PEC', 'S80', '3.4','45'),
('prod2@bio.fr','RAD', 'S80', '3.2','46'),
('prod3@bio.fr','PAR','S80', '2.1','84'),
('prod4@bio.fr','ANA', 'S80', '1.5','42'),
('prod5@bio.fr','FRA', 'S80', '5.2','4'),
('prod1@bio.fr','BAR', 'S80', '5.5','6'),
('prod2@bio.fr','FRI', 'S80', '2.3','45'),
('prod3@bio.fr','AGN', 'S80', '4.7','2'),
('prod4@bio.fr','CHF','S80', '8.6','35'),
('prod5@bio.fr','OIG', 'S80', '2.7','6'),
('prod1@bio.fr','COURG', 'S80', '1.6','78'),
('prod1@bio.fr','MER', 'S81', '5.6','18'),
('prod2@bio.fr','BRN', 'S81', '4.9','12'),
('prod3@bio.fr','CRE', 'S81', '2.8','16'),
('prod4@bio.fr','DBG', 'S81', '1','21'),
('prod5@bio.fr','BGT', 'S81', '4.9','0'),
('prod1@bio.fr','BRO', 'S81', '6.3','7'),
('prod2@bio.fr','CIT', 'S81', '5.7','24'),
('prod3@bio.fr','POM', 'S81', '6.3','0'),
('prod4@bio.fr','CEL', 'S81', '3.3','22'),
('prod5@bio.fr','PAC', 'S81', '2','4'),
('prod1@bio.fr','PEC', 'S81', '3.4','45'),
('prod2@bio.fr','RAD', 'S81', '3.2','46'),
('prod3@bio.fr','PAR','S81', '2.1','84'),
('prod4@bio.fr','ANA', 'S81', '1.5','42'),
('prod5@bio.fr','FRA', 'S81', '5.2','4'),
('prod1@bio.fr','BAR', 'S81', '5.5','6'),
('prod2@bio.fr','FRI', 'S81', '2.3','45'),
('prod3@bio.fr','AGN', 'S81', '4.7','2'),
('prod4@bio.fr','CHF','S81', '8.6','35'),
('prod5@bio.fr','OIG', 'S81', '2.7','6'),
('prod1@bio.fr','COURG', 'S81', '1.6','78'),
('prod1@bio.fr','MER', 'S82', '5.6','18'),
('prod2@bio.fr','BRN', 'S82', '4.9','12'),
('prod3@bio.fr','CRE', 'S82', '2.8','16'),
('prod4@bio.fr','DBG', 'S82', '1','21'),
('prod5@bio.fr','BGT', 'S82', '4.9','0'),
('prod1@bio.fr','BRO', 'S82', '6.3','7'),
('prod2@bio.fr','CIT', 'S82', '5.7','24'),
('prod3@bio.fr','POM', 'S82', '6.3','0'),
('prod4@bio.fr','CEL', 'S82', '3.3','22'),
('prod5@bio.fr','PAC', 'S82', '2','4'),
('prod1@bio.fr','PEC', 'S82', '3.4','45'),
('prod2@bio.fr','RAD', 'S82', '3.2','46'),
('prod3@bio.fr','PAR','S82', '2.1','84'),
('prod4@bio.fr','ANA', 'S82', '1.5','42'),
('prod5@bio.fr','FRA', 'S82', '5.2','4'),
('prod1@bio.fr','BAR', 'S82', '5.5','6'),
('prod2@bio.fr','FRI', 'S82', '2.3','45'),
('prod3@bio.fr','AGN', 'S82', '4.7','2'),
('prod4@bio.fr','CHF','S82', '8.6','35'),
('prod5@bio.fr','OIG', 'S82', '2.7','6'),
('prod1@bio.fr','COURG', 'S82', '1.6','78'),
('prod1@bio.fr','MER', 'S83', '5.6','18'),
('prod2@bio.fr','BRN', 'S83', '4.9','12'),
('prod3@bio.fr','CRE', 'S83', '2.8','16'),
('prod4@bio.fr','DBG', 'S83', '1','21'),
('prod5@bio.fr','BGT', 'S83', '4.9','0'),
('prod1@bio.fr','BRO', 'S83', '6.3','7'),
('prod2@bio.fr','CIT', 'S83', '5.7','24'),
('prod3@bio.fr','POM', 'S83', '6.3','0'),
('prod4@bio.fr','CEL', 'S83', '3.3','22'),
('prod5@bio.fr','PAC', 'S83', '2','4'),
('prod1@bio.fr','PEC', 'S83', '3.4','45'),
('prod2@bio.fr','RAD', 'S83', '3.2','46'),
('prod3@bio.fr','PAR','S83', '2.1','84'),
('prod4@bio.fr','ANA', 'S83', '1.5','42'),
('prod5@bio.fr','FRA', 'S83', '5.2','4'),
('prod1@bio.fr','BAR', 'S83', '5.5','6'),
('prod2@bio.fr','FRI', 'S83', '2.3','45'),
('prod3@bio.fr','AGN', 'S83', '4.7','2'),
('prod4@bio.fr','CHF','S83', '8.6','35'),
('prod5@bio.fr','OIG', 'S83', '2.7','6'),
('prod1@bio.fr','COURG', 'S83', '1.6','78'),
('prod1@bio.fr','MER', 'S84', '5.6','18'),
('prod2@bio.fr','BRN', 'S84', '4.9','12'),
('prod3@bio.fr','CRE', 'S84', '2.8','16'),
('prod4@bio.fr','DBG', 'S84', '1','21'),
('prod5@bio.fr','BGT', 'S84', '4.9','0'),
('prod1@bio.fr','BRO', 'S84', '6.3','7'),
('prod2@bio.fr','CIT', 'S84', '5.7','24'),
('prod3@bio.fr','POM', 'S84', '6.3','0'),
('prod4@bio.fr','CEL', 'S84', '3.3','22'),
('prod5@bio.fr','PAC', 'S84', '2','4'),
('prod1@bio.fr','PEC', 'S84', '3.4','45'),
('prod2@bio.fr','RAD', 'S84', '3.2','46'),
('prod3@bio.fr','PAR','S84', '2.1','84'),
('prod4@bio.fr','ANA', 'S84', '1.5','42'),
('prod5@bio.fr','FRA', 'S84', '5.2','4'),
('prod1@bio.fr','BAR', 'S84', '5.5','6'),
('prod2@bio.fr','FRI', 'S84', '2.3','45'),
('prod3@bio.fr','AGN', 'S84', '4.7','2'),
('prod4@bio.fr','CHF','S84', '8.6','35'),
('prod5@bio.fr','OIG', 'S84', '2.7','6'),
('prod1@bio.fr','COURG', 'S84', '1.6','78'),
('prod1@bio.fr','MER', 'S85', '5.6','18'),
('prod2@bio.fr','BRN', 'S85', '4.9','12'),
('prod3@bio.fr','CRE', 'S85', '2.8','16'),
('prod4@bio.fr','DBG', 'S85', '1','21'),
('prod5@bio.fr','BGT', 'S85', '4.9','0'),
('prod1@bio.fr','BRO', 'S85', '6.3','7'),
('prod2@bio.fr','CIT', 'S85', '5.7','24'),
('prod3@bio.fr','POM', 'S85', '6.3','0'),
('prod4@bio.fr','CEL', 'S85', '3.3','22'),
('prod5@bio.fr','PAC', 'S85', '2','4'),
('prod1@bio.fr','PEC', 'S85', '3.4','45'),
('prod2@bio.fr','RAD', 'S85', '3.2','46'),
('prod3@bio.fr','PAR','S85', '2.1','84'),
('prod4@bio.fr','ANA', 'S85', '1.5','42'),
('prod5@bio.fr','FRA', 'S85', '5.2','4'),
('prod1@bio.fr','BAR', 'S85', '5.5','6'),
('prod2@bio.fr','FRI', 'S85', '2.3','45'),
('prod3@bio.fr','AGN', 'S85', '4.7','2'),
('prod4@bio.fr','CHF','S85', '8.6','35'),
('prod5@bio.fr','OIG', 'S85', '2.7','6'),
('prod1@bio.fr','COURG', 'S85', '1.6','78'),
('prod1@bio.fr','MER', 'S86', '5.6','18'),
('prod2@bio.fr','BRN', 'S86', '4.9','12'),
('prod3@bio.fr','CRE', 'S86', '2.8','16'),
('prod4@bio.fr','DBG', 'S86', '1','21'),
('prod5@bio.fr','BGT', 'S86', '4.9','0'),
('prod1@bio.fr','BRO', 'S86', '6.3','7'),
('prod2@bio.fr','CIT', 'S86', '5.7','24'),
('prod3@bio.fr','POM', 'S86', '6.3','0'),
('prod4@bio.fr','CEL', 'S86', '3.3','22'),
('prod5@bio.fr','PAC', 'S86', '2','4'),
('prod1@bio.fr','PEC', 'S86', '3.4','45'),
('prod2@bio.fr','RAD', 'S86', '3.2','46'),
('prod3@bio.fr','PAR','S86', '2.1','84'),
('prod4@bio.fr','ANA', 'S86', '1.5','42'),
('prod5@bio.fr','FRA', 'S86', '5.2','4'),
('prod1@bio.fr','BAR', 'S86', '5.5','6'),
('prod2@bio.fr','FRI', 'S86', '2.3','45'),
('prod3@bio.fr','AGN', 'S86', '4.7','2'),
('prod4@bio.fr','CHF','S86', '8.6','35'),
('prod5@bio.fr','OIG', 'S86', '2.7','6'),
('prod1@bio.fr','COURG', 'S86', '1.6','78'),
('prod1@bio.fr','MER', 'S87', '5.6','18'),
('prod2@bio.fr','BRN', 'S87', '4.9','12'),
('prod3@bio.fr','CRE', 'S87', '2.8','16'),
('prod4@bio.fr','DBG', 'S87', '1','21'),
('prod5@bio.fr','BGT', 'S87', '4.9','0'),
('prod1@bio.fr','BRO', 'S87', '6.3','7'),
('prod2@bio.fr','CIT', 'S87', '5.7','24'),
('prod3@bio.fr','POM', 'S87', '6.3','0'),
('prod4@bio.fr','CEL', 'S87', '3.3','22'),
('prod5@bio.fr','PAC', 'S87', '2','4'),
('prod1@bio.fr','PEC', 'S87', '3.4','45'),
('prod2@bio.fr','RAD', 'S87', '3.2','46'),
('prod3@bio.fr','PAR','S87', '2.1','84'),
('prod4@bio.fr','ANA', 'S87', '1.5','42'),
('prod5@bio.fr','FRA', 'S87', '5.2','4'),
('prod1@bio.fr','BAR', 'S87', '5.5','6'),
('prod2@bio.fr','FRI', 'S87', '2.3','45'),
('prod3@bio.fr','AGN', 'S87', '4.7','2'),
('prod4@bio.fr','CHF','S87', '8.6','35'),
('prod5@bio.fr','OIG', 'S87', '2.7','6'),
('prod1@bio.fr','COURG', 'S87', '1.6','78'),
('prod1@bio.fr','MER', 'S88', '5.6','18'),
('prod2@bio.fr','BRN', 'S88', '4.9','12'),
('prod3@bio.fr','CRE', 'S88', '2.8','16'),
('prod4@bio.fr','DBG', 'S88', '1','21'),
('prod5@bio.fr','BGT', 'S88', '4.9','0'),
('prod1@bio.fr','BRO', 'S88', '6.3','7'),
('prod2@bio.fr','CIT', 'S88', '5.7','24'),
('prod3@bio.fr','POM', 'S88', '6.3','0'),
('prod4@bio.fr','CEL', 'S88', '3.3','22'),
('prod5@bio.fr','PAC', 'S88', '2','4'),
('prod1@bio.fr','PEC', 'S88', '3.4','45'),
('prod2@bio.fr','RAD', 'S88', '3.2','46'),
('prod3@bio.fr','PAR','S88', '2.1','84'),
('prod4@bio.fr','ANA', 'S88', '1.5','42'),
('prod5@bio.fr','FRA', 'S88', '5.2','4'),
('prod1@bio.fr','BAR', 'S88', '5.5','6'),
('prod2@bio.fr','FRI', 'S88', '2.3','45'),
('prod3@bio.fr','AGN', 'S88', '4.7','2'),
('prod4@bio.fr','CHF','S88', '8.6','35'),
('prod5@bio.fr','OIG', 'S88', '2.7','6'),
('prod1@bio.fr','COURG', 'S88', '1.6','78'),
('prod1@bio.fr','MER', 'S89', '5.6','18'),
('prod2@bio.fr','BRN', 'S89', '4.9','12'),
('prod3@bio.fr','CRE', 'S89', '2.8','16'),
('prod4@bio.fr','DBG', 'S89', '1','21'),
('prod5@bio.fr','BGT', 'S89', '4.9','0'),
('prod1@bio.fr','BRO', 'S89', '6.3','7'),
('prod2@bio.fr','CIT', 'S89', '5.7','24'),
('prod3@bio.fr','POM', 'S89', '6.3','0'),
('prod4@bio.fr','CEL', 'S89', '3.3','22'),
('prod5@bio.fr','PAC', 'S89', '2','4'),
('prod1@bio.fr','PEC', 'S89', '3.4','45'),
('prod2@bio.fr','RAD', 'S89', '3.2','46'),
('prod3@bio.fr','PAR','S89', '2.1','84'),
('prod4@bio.fr','ANA', 'S89', '1.5','42'),
('prod5@bio.fr','FRA', 'S89', '5.2','4'),
('prod1@bio.fr','BAR', 'S89', '5.5','6'),
('prod2@bio.fr','FRI', 'S89', '2.3','45'),
('prod3@bio.fr','AGN', 'S89', '4.7','2'),
('prod4@bio.fr','CHF','S89', '8.6','35'),
('prod5@bio.fr','OIG', 'S89', '2.7','6'),
('prod1@bio.fr','COURG', 'S89', '1.6','78'),
('prod1@bio.fr','MER', 'S90', '5.6','18'),
('prod2@bio.fr','BRN', 'S90', '4.9','12'),
('prod3@bio.fr','CRE', 'S90', '2.8','16'),
('prod4@bio.fr','DBG', 'S90', '1','21'),
('prod5@bio.fr','BGT', 'S90', '4.9','0'),
('prod1@bio.fr','BRO', 'S90', '6.3','7'),
('prod2@bio.fr','CIT', 'S90', '5.7','24'),
('prod3@bio.fr','POM', 'S90', '6.3','0'),
('prod4@bio.fr','CEL', 'S90', '3.3','22'),
('prod5@bio.fr','PAC', 'S90', '2','4'),
('prod1@bio.fr','PEC', 'S90', '3.4','45'),
('prod2@bio.fr','RAD', 'S90', '3.2','46'),
('prod3@bio.fr','PAR','S90', '2.1','84'),
('prod4@bio.fr','ANA', 'S90', '1.5','42'),
('prod5@bio.fr','FRA', 'S90', '5.2','4'),
('prod1@bio.fr','BAR', 'S90', '5.5','6'),
('prod2@bio.fr','FRI', 'S90', '2.3','45'),
('prod3@bio.fr','AGN', 'S90', '4.7','2'),
('prod4@bio.fr','CHF','S90', '8.6','35'),
('prod5@bio.fr','OIG', 'S90', '2.7','6'),
('prod1@bio.fr','COURG', 'S90', '1.6','78'),
('prod1@bio.fr','MER', 'S91', '5.6','18'),
('prod2@bio.fr','BRN', 'S91', '4.9','12'),
('prod3@bio.fr','CRE', 'S91', '2.8','16'),
('prod4@bio.fr','DBG', 'S91', '1','21'),
('prod5@bio.fr','BGT', 'S91', '4.9','0'),
('prod1@bio.fr','BRO', 'S91', '6.3','7'),
('prod2@bio.fr','CIT', 'S91', '5.7','24'),
('prod3@bio.fr','POM', 'S91', '6.3','0'),
('prod4@bio.fr','CEL', 'S91', '3.3','22'),
('prod5@bio.fr','PAC', 'S91', '2','4'),
('prod1@bio.fr','PEC', 'S91', '3.4','45'),
('prod2@bio.fr','RAD', 'S91', '3.2','46'),
('prod3@bio.fr','PAR','S91', '2.1','84'),
('prod4@bio.fr','ANA', 'S91', '1.5','42'),
('prod5@bio.fr','FRA', 'S91', '5.2','4'),
('prod1@bio.fr','BAR', 'S91', '5.5','6'),
('prod2@bio.fr','FRI', 'S91', '2.3','45'),
('prod3@bio.fr','AGN', 'S91', '4.7','2'),
('prod4@bio.fr','CHF','S91', '8.6','35'),
('prod5@bio.fr','OIG', 'S91', '2.7','6'),
('prod1@bio.fr','COURG', 'S91', '1.6','78'),
('prod1@bio.fr','MER', 'S92', '5.6','18'),
('prod2@bio.fr','BRN', 'S92', '4.9','12'),
('prod3@bio.fr','CRE', 'S92', '2.8','16'),
('prod4@bio.fr','DBG', 'S92', '1','21'),
('prod5@bio.fr','BGT', 'S92', '4.9','0'),
('prod1@bio.fr','BRO', 'S92', '6.3','7'),
('prod2@bio.fr','CIT', 'S92', '5.7','24'),
('prod3@bio.fr','POM', 'S92', '6.3','0'),
('prod4@bio.fr','CEL', 'S92', '3.3','22'),
('prod5@bio.fr','PAC', 'S92', '2','4'),
('prod1@bio.fr','PEC', 'S92', '3.4','45'),
('prod2@bio.fr','RAD', 'S92', '3.2','46'),
('prod3@bio.fr','PAR','S92', '2.1','84'),
('prod4@bio.fr','ANA', 'S92', '1.5','42'),
('prod5@bio.fr','FRA', 'S92', '5.2','4'),
('prod1@bio.fr','BAR', 'S92', '5.5','6'),
('prod2@bio.fr','FRI', 'S92', '2.3','45'),
('prod3@bio.fr','AGN', 'S92', '4.7','2'),
('prod4@bio.fr','CHF','S92', '8.6','35'),
('prod5@bio.fr','OIG', 'S92', '2.7','6'),
('prod1@bio.fr','COURG', 'S92', '1.6','78'),
('prod1@bio.fr','MER', 'S93', '5.6','18'),
('prod2@bio.fr','BRN', 'S93', '4.9','12'),
('prod3@bio.fr','CRE', 'S93', '2.8','16'),
('prod4@bio.fr','DBG', 'S93', '1','21'),
('prod5@bio.fr','BGT', 'S93', '4.9','0'),
('prod1@bio.fr','BRO', 'S93', '6.3','7'),
('prod2@bio.fr','CIT', 'S93', '5.7','24'),
('prod3@bio.fr','POM', 'S93', '6.3','0'),
('prod4@bio.fr','CEL', 'S93', '3.3','22'),
('prod5@bio.fr','PAC', 'S93', '2','4'),
('prod1@bio.fr','PEC', 'S93', '3.4','45'),
('prod2@bio.fr','RAD', 'S93', '3.2','46'),
('prod3@bio.fr','PAR','S93', '2.1','84'),
('prod4@bio.fr','ANA', 'S93', '1.5','42'),
('prod5@bio.fr','FRA', 'S93', '5.2','4'),
('prod1@bio.fr','BAR', 'S93', '5.5','6'),
('prod2@bio.fr','FRI', 'S93', '2.3','45'),
('prod3@bio.fr','AGN', 'S93', '4.7','2'),
('prod4@bio.fr','CHF','S93', '8.6','35'),
('prod5@bio.fr','OIG', 'S93', '2.7','6'),
('prod1@bio.fr','COURG', 'S93', '1.6','78'),
('prod1@bio.fr','MER', 'S94', '5.6','18'),
('prod2@bio.fr','BRN', 'S94', '4.9','12'),
('prod3@bio.fr','CRE', 'S94', '2.8','16'),
('prod4@bio.fr','DBG', 'S94', '1','21'),
('prod5@bio.fr','BGT', 'S94', '4.9','0'),
('prod1@bio.fr','BRO', 'S94', '6.3','7'),
('prod2@bio.fr','CIT', 'S94', '5.7','24'),
('prod3@bio.fr','POM', 'S94', '6.3','0'),
('prod4@bio.fr','CEL', 'S94', '3.3','22'),
('prod5@bio.fr','PAC', 'S94', '2','4'),
('prod1@bio.fr','PEC', 'S94', '3.4','45'),
('prod2@bio.fr','RAD', 'S94', '3.2','46'),
('prod3@bio.fr','PAR','S94', '2.1','84'),
('prod4@bio.fr','ANA', 'S94', '1.5','42'),
('prod5@bio.fr','FRA', 'S94', '5.2','4'),
('prod1@bio.fr','BAR', 'S94', '5.5','6'),
('prod2@bio.fr','FRI', 'S94', '2.3','45'),
('prod3@bio.fr','AGN', 'S94', '4.7','2'),
('prod4@bio.fr','CHF','S94', '8.6','35'),
('prod5@bio.fr','OIG', 'S94', '2.7','6'),
('prod1@bio.fr','COURG', 'S94', '1.6','78'),
('prod1@bio.fr','MER', 'S95', '5.6','18'),
('prod2@bio.fr','BRN', 'S95', '4.9','12'),
('prod3@bio.fr','CRE', 'S95', '2.8','16'),
('prod4@bio.fr','DBG', 'S95', '1','21'),
('prod5@bio.fr','BGT', 'S95', '4.9','0'),
('prod1@bio.fr','BRO', 'S95', '6.3','7'),
('prod2@bio.fr','CIT', 'S95', '5.7','24'),
('prod3@bio.fr','POM', 'S95', '6.3','0'),
('prod4@bio.fr','CEL', 'S95', '3.3','22'),
('prod5@bio.fr','PAC', 'S95', '2','4'),
('prod1@bio.fr','PEC', 'S95', '3.4','45'),
('prod2@bio.fr','RAD', 'S95', '3.2','46'),
('prod3@bio.fr','PAR','S95', '2.1','84'),
('prod4@bio.fr','ANA', 'S95', '1.5','42'),
('prod5@bio.fr','FRA', 'S95', '5.2','4'),
('prod1@bio.fr','BAR', 'S95', '5.5','6'),
('prod2@bio.fr','FRI', 'S95', '2.3','45'),
('prod3@bio.fr','AGN', 'S95', '4.7','2'),
('prod4@bio.fr','CHF','S95', '8.6','35'),
('prod5@bio.fr','OIG', 'S95', '2.7','6'),
('prod1@bio.fr','COURG', 'S95', '1.6','78'),
('prod1@bio.fr','MER', 'S96', '5.6','18'),
('prod2@bio.fr','BRN', 'S96', '4.9','12'),
('prod3@bio.fr','CRE', 'S96', '2.8','16'),
('prod4@bio.fr','DBG', 'S96', '1','21'),
('prod5@bio.fr','BGT', 'S96', '4.9','0'),
('prod1@bio.fr','BRO', 'S96', '6.3','7'),
('prod2@bio.fr','CIT', 'S96', '5.7','24'),
('prod3@bio.fr','POM', 'S96', '6.3','0'),
('prod4@bio.fr','CEL', 'S96', '3.3','22'),
('prod5@bio.fr','PAC', 'S96', '2','4'),
('prod1@bio.fr','PEC', 'S96', '3.4','45'),
('prod2@bio.fr','RAD', 'S96', '3.2','46'),
('prod3@bio.fr','PAR','S96', '2.1','84'),
('prod4@bio.fr','ANA', 'S96', '1.5','42'),
('prod5@bio.fr','FRA', 'S96', '5.2','4'),
('prod1@bio.fr','BAR', 'S96', '5.5','6'),
('prod2@bio.fr','FRI', 'S96', '2.3','45'),
('prod3@bio.fr','AGN', 'S96', '4.7','2'),
('prod4@bio.fr','CHF','S96', '8.6','35'),
('prod5@bio.fr','OIG', 'S96', '2.7','6'),
('prod1@bio.fr','COURG', 'S96', '1.6','78'),
('prod1@bio.fr','MER', 'S97', '5.6','18'),
('prod2@bio.fr','BRN', 'S97', '4.9','12'),
('prod3@bio.fr','CRE', 'S97', '2.8','16'),
('prod4@bio.fr','DBG', 'S97', '1','21'),
('prod5@bio.fr','BGT', 'S97', '4.9','0'),
('prod1@bio.fr','BRO', 'S97', '6.3','7'),
('prod2@bio.fr','CIT', 'S97', '5.7','24'),
('prod3@bio.fr','POM', 'S97', '6.3','0'),
('prod4@bio.fr','CEL', 'S97', '3.3','22'),
('prod5@bio.fr','PAC', 'S97', '2','4'),
('prod1@bio.fr','PEC', 'S97', '3.4','45'),
('prod2@bio.fr','RAD', 'S97', '3.2','46'),
('prod3@bio.fr','PAR','S97', '2.1','84'),
('prod4@bio.fr','ANA', 'S97', '1.5','42'),
('prod5@bio.fr','FRA', 'S97', '5.2','4'),
('prod1@bio.fr','BAR', 'S97', '5.5','6'),
('prod2@bio.fr','FRI', 'S97', '2.3','45'),
('prod3@bio.fr','AGN', 'S97', '4.7','2'),
('prod4@bio.fr','CHF','S97', '8.6','35'),
('prod5@bio.fr','OIG', 'S97', '2.7','6'),
('prod1@bio.fr','COURG', 'S97', '1.6','78'),
('prod1@bio.fr','MER', 'S98', '5.6','18'),
('prod2@bio.fr','BRN', 'S98', '4.9','12'),
('prod3@bio.fr','CRE', 'S98', '2.8','16'),
('prod4@bio.fr','DBG', 'S98', '1','21'),
('prod5@bio.fr','BGT', 'S98', '4.9','0'),
('prod1@bio.fr','BRO', 'S98', '6.3','7'),
('prod2@bio.fr','CIT', 'S98', '5.7','24'),
('prod3@bio.fr','POM', 'S98', '6.3','0'),
('prod4@bio.fr','CEL', 'S98', '3.3','22'),
('prod5@bio.fr','PAC', 'S98', '2','4'),
('prod1@bio.fr','PEC', 'S98', '3.4','45'),
('prod2@bio.fr','RAD', 'S98', '3.2','46'),
('prod3@bio.fr','PAR','S98', '2.1','84'),
('prod4@bio.fr','ANA', 'S98', '1.5','42'),
('prod5@bio.fr','FRA', 'S98', '5.2','4'),
('prod1@bio.fr','BAR', 'S98', '5.5','6'),
('prod2@bio.fr','FRI', 'S98', '2.3','45'),
('prod3@bio.fr','AGN', 'S98', '4.7','2'),
('prod4@bio.fr','CHF','S98', '8.6','35'),
('prod5@bio.fr','OIG', 'S98', '2.7','6'),
('prod1@bio.fr','COURG', 'S98', '1.6','78'),
('prod1@bio.fr','MER', 'S99', '5.6','18'),
('prod2@bio.fr','BRN', 'S99', '4.9','12'),
('prod3@bio.fr','CRE', 'S99', '2.8','16'),
('prod4@bio.fr','DBG', 'S99', '1','21'),
('prod5@bio.fr','BGT', 'S99', '4.9','0'),
('prod1@bio.fr','BRO', 'S99', '6.3','7'),
('prod2@bio.fr','CIT', 'S99', '5.7','24'),
('prod3@bio.fr','POM', 'S99', '6.3','0'),
('prod4@bio.fr','CEL', 'S99', '3.3','22'),
('prod5@bio.fr','PAC', 'S99', '2','4'),
('prod1@bio.fr','PEC', 'S99', '3.4','45'),
('prod2@bio.fr','RAD', 'S99', '3.2','46'),
('prod3@bio.fr','PAR','S99', '2.1','84'),
('prod4@bio.fr','ANA', 'S99', '1.5','42'),
('prod5@bio.fr','FRA', 'S99', '5.2','4'),
('prod1@bio.fr','BAR', 'S99', '5.5','6'),
('prod2@bio.fr','FRI', 'S99', '2.3','45'),
('prod3@bio.fr','AGN', 'S99', '4.7','2'),
('prod4@bio.fr','CHF','S99', '8.6','35'),
('prod5@bio.fr','OIG', 'S99', '2.7','6'),
('prod1@bio.fr','COURG', 'S99', '1.6','78'),
('prod1@bio.fr','MER', 'S100', '5.6','18'),
('prod2@bio.fr','BRN', 'S100', '4.9','12'),
('prod3@bio.fr','CRE', 'S100', '2.8','16'),
('prod4@bio.fr','DBG', 'S100', '1','21'),
('prod5@bio.fr','BGT', 'S100', '4.9','0'),
('prod1@bio.fr','BRO', 'S100', '6.3','7'),
('prod2@bio.fr','CIT', 'S100', '5.7','24'),
('prod3@bio.fr','POM', 'S100', '6.3','0'),
('prod4@bio.fr','CEL', 'S100', '3.3','22'),
('prod5@bio.fr','PAC', 'S100', '2','4'),
('prod1@bio.fr','PEC', 'S100', '3.4','45'),
('prod2@bio.fr','RAD', 'S100', '3.2','46'),
('prod3@bio.fr','PAR','S100', '2.1','84'),
('prod4@bio.fr','ANA', 'S100', '1.5','42'),
('prod5@bio.fr','FRA', 'S100', '5.2','4'),
('prod1@bio.fr','BAR', 'S100', '5.5','6'),
('prod2@bio.fr','FRI', 'S100', '2.3','45'),
('prod3@bio.fr','AGN', 'S100', '4.7','2'),
('prod4@bio.fr','CHF','S100', '8.6','35'),
('prod5@bio.fr','OIG', 'S100', '2.7','6'),
('prod1@bio.fr','COURG', 'S100', '1.6','78'),
('prod1@bio.fr','MER', 'S101', '5.6','18'),
('prod2@bio.fr','BRN', 'S101', '4.9','12'),
('prod3@bio.fr','CRE', 'S101', '2.8','16'),
('prod4@bio.fr','DBG', 'S101', '1','21'),
('prod5@bio.fr','BGT', 'S101', '4.9','0'),
('prod1@bio.fr','BRO', 'S101', '6.3','7'),
('prod2@bio.fr','CIT', 'S101', '5.7','24'),
('prod3@bio.fr','POM', 'S101', '6.3','0'),
('prod4@bio.fr','CEL', 'S101', '3.3','22'),
('prod5@bio.fr','PAC', 'S101', '2','4'),
('prod1@bio.fr','PEC', 'S101', '3.4','45'),
('prod2@bio.fr','RAD', 'S101', '3.2','46'),
('prod3@bio.fr','PAR','S101', '2.1','84'),
('prod4@bio.fr','ANA', 'S101', '1.5','42'),
('prod5@bio.fr','FRA', 'S101', '5.2','4'),
('prod1@bio.fr','BAR', 'S101', '5.5','6'),
('prod2@bio.fr','FRI', 'S101', '2.3','45'),
('prod3@bio.fr','AGN', 'S101', '4.7','2'),
('prod4@bio.fr','CHF','S101', '8.6','35'),
('prod5@bio.fr','OIG', 'S101', '2.7','6'),
('prod1@bio.fr','COURG', 'S101', '1.6','78'),
('prod1@bio.fr','MER', 'S102', '5.6','18'),
('prod2@bio.fr','BRN', 'S102', '4.9','12'),
('prod3@bio.fr','CRE', 'S102', '2.8','16'),
('prod4@bio.fr','DBG', 'S102', '1','21'),
('prod5@bio.fr','BGT', 'S102', '4.9','0'),
('prod1@bio.fr','BRO', 'S102', '6.3','7'),
('prod2@bio.fr','CIT', 'S102', '5.7','24'),
('prod3@bio.fr','POM', 'S102', '6.3','0'),
('prod4@bio.fr','CEL', 'S102', '3.3','22'),
('prod5@bio.fr','PAC', 'S102', '2','4'),
('prod1@bio.fr','PEC', 'S102', '3.4','45'),
('prod2@bio.fr','RAD', 'S102', '3.2','46'),
('prod3@bio.fr','PAR','S102', '2.1','84'),
('prod4@bio.fr','ANA', 'S102', '1.5','42'),
('prod5@bio.fr','FRA', 'S102', '5.2','4'),
('prod1@bio.fr','BAR', 'S102', '5.5','6'),
('prod2@bio.fr','FRI', 'S102', '2.3','45'),
('prod3@bio.fr','AGN', 'S102', '4.7','2'),
('prod4@bio.fr','CHF','S102', '8.6','35'),
('prod5@bio.fr','OIG', 'S102', '2.7','6'),
('prod1@bio.fr','COURG', 'S102', '1.6','78'),
('prod1@bio.fr','MER', 'S103', '5.6','18'),
('prod2@bio.fr','BRN', 'S103', '4.9','12'),
('prod3@bio.fr','CRE', 'S103', '2.8','16'),
('prod4@bio.fr','DBG', 'S103', '1','21'),
('prod5@bio.fr','BGT', 'S103', '4.9','0'),
('prod1@bio.fr','BRO', 'S103', '6.3','7'),
('prod2@bio.fr','CIT', 'S103', '5.7','24'),
('prod3@bio.fr','POM', 'S103', '6.3','0'),
('prod4@bio.fr','CEL', 'S103', '3.3','22'),
('prod5@bio.fr','PAC', 'S103', '2','4'),
('prod1@bio.fr','PEC', 'S103', '3.4','45'),
('prod2@bio.fr','RAD', 'S103', '3.2','46'),
('prod3@bio.fr','PAR','S103', '2.1','84'),
('prod4@bio.fr','ANA', 'S103', '1.5','42'),
('prod5@bio.fr','FRA', 'S103', '5.2','4'),
('prod1@bio.fr','BAR', 'S103', '5.5','6'),
('prod2@bio.fr','FRI', 'S103', '2.3','45'),
('prod3@bio.fr','AGN', 'S103', '4.7','2'),
('prod4@bio.fr','CHF','S103', '8.6','35'),
('prod5@bio.fr','OIG', 'S103', '2.7','6'),
('prod1@bio.fr','COURG', 'S103', '1.6','78'),
('prod1@bio.fr','MER', 'S104', '5.6','18'),
('prod2@bio.fr','BRN', 'S104', '4.9','12'),
('prod3@bio.fr','CRE', 'S104', '2.8','16'),
('prod4@bio.fr','DBG', 'S104', '1','21'),
('prod5@bio.fr','BGT', 'S104', '4.9','0'),
('prod1@bio.fr','BRO', 'S104', '6.3','7'),
('prod2@bio.fr','CIT', 'S104', '5.7','24'),
('prod3@bio.fr','POM', 'S104', '6.3','0'),
('prod4@bio.fr','CEL', 'S104', '3.3','22'),
('prod5@bio.fr','PAC', 'S104', '2','4'),
('prod1@bio.fr','PEC', 'S104', '3.4','45'),
('prod2@bio.fr','RAD', 'S104', '3.2','46'),
('prod3@bio.fr','PAR','S104', '2.1','84'),
('prod4@bio.fr','ANA', 'S104', '1.5','42'),
('prod5@bio.fr','FRA', 'S104', '5.2','4'),
('prod1@bio.fr','BAR', 'S104', '5.5','6'),
('prod2@bio.fr','FRI', 'S104', '2.3','45'),
('prod3@bio.fr','AGN', 'S104', '4.7','2'),
('prod4@bio.fr','CHF','S104', '8.6','35'),
('prod5@bio.fr','OIG', 'S104', '2.7','6'),
('prod1@bio.fr','COURG', 'S104', '1.6','78'),
('prod1@bio.fr','MER', 'S105', '5.6','18'),
('prod2@bio.fr','BRN', 'S105', '4.9','12'),
('prod3@bio.fr','CRE', 'S105', '2.8','16'),
('prod4@bio.fr','DBG', 'S105', '1','21'),
('prod5@bio.fr','BGT', 'S105', '4.9','0'),
('prod1@bio.fr','BRO', 'S105', '6.3','7'),
('prod2@bio.fr','CIT', 'S105', '5.7','24'),
('prod3@bio.fr','POM', 'S105', '6.3','0'),
('prod4@bio.fr','CEL', 'S105', '3.3','22'),
('prod5@bio.fr','PAC', 'S105', '2','4'),
('prod1@bio.fr','PEC', 'S105', '3.4','45'),
('prod2@bio.fr','RAD', 'S105', '3.2','46'),
('prod3@bio.fr','PAR','S105', '2.1','84'),
('prod4@bio.fr','ANA', 'S105', '1.5','42'),
('prod5@bio.fr','FRA', 'S105', '5.2','4'),
('prod1@bio.fr','BAR', 'S105', '5.5','6'),
('prod2@bio.fr','FRI', 'S105', '2.3','45'),
('prod3@bio.fr','AGN', 'S105', '4.7','2'),
('prod4@bio.fr','CHF','S105', '8.6','35'),
('prod5@bio.fr','OIG', 'S105', '2.7','6'),
('prod1@bio.fr','COURG', 'S105', '1.6','78'),
('prod1@bio.fr','MER', 'S106', '5.6','18'),
('prod2@bio.fr','BRN', 'S106', '4.9','12'),
('prod3@bio.fr','CRE', 'S106', '2.8','16'),
('prod4@bio.fr','DBG', 'S106', '1','21'),
('prod5@bio.fr','BGT', 'S106', '4.9','0'),
('prod1@bio.fr','BRO', 'S106', '6.3','7'),
('prod2@bio.fr','CIT', 'S106', '5.7','24'),
('prod3@bio.fr','POM', 'S106', '6.3','0'),
('prod4@bio.fr','CEL', 'S106', '3.3','22'),
('prod5@bio.fr','PAC', 'S106', '2','4'),
('prod1@bio.fr','PEC', 'S106', '3.4','45'),
('prod2@bio.fr','RAD', 'S106', '3.2','46'),
('prod3@bio.fr','PAR','S106', '2.1','84'),
('prod4@bio.fr','ANA', 'S106', '1.5','42'),
('prod5@bio.fr','FRA', 'S106', '5.2','4'),
('prod1@bio.fr','BAR', 'S106', '5.5','6'),
('prod2@bio.fr','FRI', 'S106', '2.3','45'),
('prod3@bio.fr','AGN', 'S106', '4.7','2'),
('prod4@bio.fr','CHF','S106', '8.6','35'),
('prod5@bio.fr','OIG', 'S106', '2.7','6'),
('prod1@bio.fr','COURG', 'S106', '1.6','78'),
('prod1@bio.fr','MER', 'S107', '5.6','18'),
('prod2@bio.fr','BRN', 'S107', '4.9','12'),
('prod3@bio.fr','CRE', 'S107', '2.8','16'),
('prod4@bio.fr','DBG', 'S107', '1','21'),
('prod5@bio.fr','BGT', 'S107', '4.9','0'),
('prod1@bio.fr','BRO', 'S107', '6.3','7'),
('prod2@bio.fr','CIT', 'S107', '5.7','24'),
('prod3@bio.fr','POM', 'S107', '6.3','0'),
('prod4@bio.fr','CEL', 'S107', '3.3','22'),
('prod5@bio.fr','PAC', 'S107', '2','4'),
('prod1@bio.fr','PEC', 'S107', '3.4','45'),
('prod2@bio.fr','RAD', 'S107', '3.2','46'),
('prod3@bio.fr','PAR','S107', '2.1','84'),
('prod4@bio.fr','ANA', 'S107', '1.5','42'),
('prod5@bio.fr','FRA', 'S107', '5.2','4'),
('prod1@bio.fr','BAR', 'S107', '5.5','6'),
('prod2@bio.fr','FRI', 'S107', '2.3','45'),
('prod3@bio.fr','AGN', 'S107', '4.7','2'),
('prod4@bio.fr','CHF','S107', '8.6','35'),
('prod5@bio.fr','OIG', 'S107', '2.7','6'),
('prod1@bio.fr','COURG', 'S107', '1.6','78'),
('prod1@bio.fr','MER', 'S108', '5.6','18'),
('prod2@bio.fr','BRN', 'S108', '4.9','12'),
('prod3@bio.fr','CRE', 'S108', '2.8','16'),
('prod4@bio.fr','DBG', 'S108', '1','21'),
('prod5@bio.fr','BGT', 'S108', '4.9','0'),
('prod1@bio.fr','BRO', 'S108', '6.3','7'),
('prod2@bio.fr','CIT', 'S108', '5.7','24'),
('prod3@bio.fr','POM', 'S108', '6.3','0'),
('prod4@bio.fr','CEL', 'S108', '3.3','22'),
('prod5@bio.fr','PAC', 'S108', '2','4'),
('prod1@bio.fr','PEC', 'S108', '3.4','45'),
('prod2@bio.fr','RAD', 'S108', '3.2','46'),
('prod3@bio.fr','PAR','S108', '2.1','84'),
('prod4@bio.fr','ANA', 'S108', '1.5','42'),
('prod5@bio.fr','FRA', 'S108', '5.2','4'),
('prod1@bio.fr','BAR', 'S108', '5.5','6'),
('prod2@bio.fr','FRI', 'S108', '2.3','45'),
('prod3@bio.fr','AGN', 'S108', '4.7','2'),
('prod4@bio.fr','CHF','S108', '8.6','35'),
('prod5@bio.fr','OIG', 'S108', '2.7','6'),
('prod1@bio.fr','COURG', 'S108', '1.6','78'),
('prod1@bio.fr','MER', 'S109', '5.6','18'),
('prod2@bio.fr','BRN', 'S109', '4.9','12'),
('prod3@bio.fr','CRE', 'S109', '2.8','16'),
('prod4@bio.fr','DBG', 'S109', '1','21'),
('prod5@bio.fr','BGT', 'S109', '4.9','0'),
('prod1@bio.fr','BRO', 'S109', '6.3','7'),
('prod2@bio.fr','CIT', 'S109', '5.7','24'),
('prod3@bio.fr','POM', 'S109', '6.3','0'),
('prod4@bio.fr','CEL', 'S109', '3.3','22'),
('prod5@bio.fr','PAC', 'S109', '2','4'),
('prod1@bio.fr','PEC', 'S109', '3.4','45'),
('prod2@bio.fr','RAD', 'S109', '3.2','46'),
('prod3@bio.fr','PAR','S109', '2.1','84'),
('prod4@bio.fr','ANA', 'S109', '1.5','42'),
('prod5@bio.fr','FRA', 'S109', '5.2','4'),
('prod1@bio.fr','BAR', 'S109', '5.5','6'),
('prod2@bio.fr','FRI', 'S109', '2.3','45'),
('prod3@bio.fr','AGN', 'S109', '4.7','2'),
('prod4@bio.fr','CHF','S109', '8.6','35'),
('prod5@bio.fr','OIG', 'S109', '2.7','6'),
('prod1@bio.fr','COURG', 'S109', '1.6','78'),
('prod1@bio.fr','MER', 'S110', '5.6','18'),
('prod2@bio.fr','BRN', 'S110', '4.9','12'),
('prod3@bio.fr','CRE', 'S110', '2.8','16'),
('prod4@bio.fr','DBG', 'S110', '1','21'),
('prod5@bio.fr','BGT', 'S110', '4.9','0'),
('prod1@bio.fr','BRO', 'S110', '6.3','7'),
('prod2@bio.fr','CIT', 'S110', '5.7','24'),
('prod3@bio.fr','POM', 'S110', '6.3','0'),
('prod4@bio.fr','CEL', 'S110', '3.3','22'),
('prod5@bio.fr','PAC', 'S110', '2','4'),
('prod1@bio.fr','PEC', 'S110', '3.4','45'),
('prod2@bio.fr','RAD', 'S110', '3.2','46'),
('prod3@bio.fr','PAR','S110', '2.1','84'),
('prod4@bio.fr','ANA', 'S110', '1.5','42'),
('prod5@bio.fr','FRA', 'S110', '5.2','4'),
('prod1@bio.fr','BAR', 'S110', '5.5','6'),
('prod2@bio.fr','FRI', 'S110', '2.3','45'),
('prod3@bio.fr','AGN', 'S110', '4.7','2'),
('prod4@bio.fr','CHF','S110', '8.6','35'),
('prod5@bio.fr','OIG', 'S110', '2.7','6'),
('prod1@bio.fr','COURG', 'S110', '1.6','78');

--
-- Contenu de la table `semaine`
--

INSERT INTO `semaine` (`numSemaine`,`dateDebutDepot`, `dateDebutAchat`, `dateFinAchat`) VALUES
('S1','2017-01-04', '2017-01-05', '2017-01-09'),
('S2','2017-01-11', '2017-01-12', '2017-01-16'),
('S3','2017-01-18', '2017-01-19', '2017-01-23'),
('S4','2017-01-25', '2017-01-26', '2017-01-30'),
('S5','2017-02-01', '2017-02-02', '2017-02-06'),
('S6','2017-02-08', '2017-02-09', '2017-02-13'),
('S7','2017-02-15', '2017-02-16', '2017-02-20'),
('S8','2017-02-22', '2017-02-23', '2017-02-27'),
('S9','2017-03-01', '2017-03-02', '2017-03-06'),
('S10','2017-03-08', '2017-03-09', '2017-03-13'),
('S11','2017-03-15', '2017-03-16', '2017-03-20'),
('S12','2017-03-22', '2017-03-23', '2017-03-27'),
('S13','2017-03-29', '2017-03-30', '2017-04-03'),
('S14','2017-04-05', '2017-04-06', '2017-04-10'),
('S15','2017-04-12', '2017-04-13', '2017-04-17'),
('S16','2017-04-19', '2017-04-20', '2017-04-24'),
('S17','2017-04-26', '2017-04-27', '2017-05-01'),
('S18','2017-05-03', '2017-05-04', '2017-05-08'),
('S19','2017-05-10', '2017-05-11', '2017-05-15'),
('S20','2017-05-17', '2017-05-18', '2017-05-22'),
('S21','2017-05-24', '2017-05-25', '2017-05-29'),
('S22','2017-05-31', '2017-06-01', '2017-06-05'),
('S23','2017-06-07', '2017-06-08', '2017-06-12'),
('S24','2017-06-14', '2017-06-15', '2017-06-19'),
('S25','2017-06-21', '2017-06-22', '2017-06-26'),
('S26','2017-06-28', '2017-06-29', '2017-07-03'),
('S27','2017-07-05', '2017-07-06', '2017-07-10'),
('S28','2017-07-12', '2017-07-13', '2017-07-17'),
('S29','2017-07-19', '2017-07-20', '2017-07-24'),
('S30','2017-07-26', '2017-07-27', '2017-07-31'),
('S31','2017-08-02', '2017-08-03', '2017-08-07'),
('S32','2017-08-09', '2017-08-10', '2017-08-14'),
('S33','2017-08-16', '2017-08-17', '2017-08-21'),
('S34','2017-08-23', '2017-08-24', '2017-08-28'),
('S35','2017-08-30', '2017-08-31', '2017-09-04'),
('S36','2017-09-06', '2017-09-07', '2017-09-11'),
('S37','2017-09-13', '2017-09-14', '2017-09-18'),
('S38','2017-09-20', '2017-09-21', '2017-09-25'),
('S39','2017-09-27', '2017-09-28', '2017-10-02'),
('S40','2017-10-04', '2017-10-05', '2017-10-09'),
('S41','2017-10-11', '2017-10-12', '2017-10-16'),
('S42','2017-10-18', '2017-10-19', '2017-10-23'),
('S43','2017-10-25', '2017-10-26', '2017-10-30'),
('S44','2017-11-01', '2017-11-02', '2017-11-06'),
('S45','2017-11-08', '2017-11-09', '2017-11-13'),
('S46','2017-11-15', '2017-11-16', '2017-11-20'),
('S47','2017-11-22', '2017-11-23', '2017-11-27'),
('S48','2017-11-29', '2017-11-30', '2017-12-04'),
('S49','2017-12-06', '2017-12-07', '2017-12-11'),
('S50','2017-12-13', '2017-12-14', '2017-12-18'),
('S55','2017-12-20', '2017-12-21', '2017-12-25'),
('S56','2017-12-27', '2017-12-28', '2018-01-01'),
('S57','2018-01-03', '2018-01-04', '2018-01-08'),
('S58','2018-01-10', '2018-01-11', '2018-01-15'),
('S59','2018-01-17', '2018-01-18', '2018-01-22'),
('S60','2018-01-24', '2018-01-25', '2018-01-29'),
('S61','2018-01-31', '2018-02-01', '2018-02-05'),
('S62','2018-02-07', '2018-02-08', '2018-02-12'),
('S63','2018-02-14', '2018-02-15', '2018-02-19'),
('S64','2018-02-21', '2018-02-22', '2018-02-26'),
('S65','2018-02-28', '2018-03-01', '2018-03-05'),
('S66','2018-03-07', '2018-03-08', '2018-03-12'),
('S67','2018-03-14', '2018-03-15', '2018-03-19'),
('S68','2018-03-21', '2018-03-22', '2018-03-26'),
('S69','2018-03-28', '2018-03-29', '2018-04-02'),
('S70','2018-04-04', '2018-04-05', '2018-04-09'),
('S71','2018-04-11', '2018-04-12', '2018-04-16'),
('S72','2018-04-18', '2018-04-19', '2018-04-23'),
('S73','2018-04-25', '2018-04-26', '2018-04-30'),
('S74','2018-05-02', '2018-05-03', '2018-05-07'),
('S75','2018-05-09', '2018-05-10', '2018-05-14'),
('S76','2018-05-16', '2018-05-17', '2018-05-21'),
('S77','2018-05-23', '2018-05-24', '2018-05-28'),
('S78','2018-05-30', '2018-05-31', '2018-06-04'),
('S79','2018-06-06', '2018-06-07', '2018-06-11'),
('S80','2018-06-13', '2018-06-14', '2018-06-18'),
('S81','2018-06-20', '2018-06-21', '2018-06-25'),
('S82','2018-06-27', '2018-06-28', '2018-07-02'),
('S83','2018-07-04', '2018-07-05', '2018-07-09'),
('S84','2018-07-11', '2018-07-12', '2018-07-16'),
('S85','2018-07-18', '2018-07-19', '2018-07-23'),
('S86','2018-07-25', '2018-07-26', '2018-07-30'),
('S87','2018-08-01', '2018-08-02', '2018-08-06'),
('S88','2018-08-08', '2018-08-09', '2018-08-13'),
('S89','2018-08-15', '2018-08-16', '2018-08-20'),
('S90','2018-08-22', '2018-08-23', '2018-08-27'),
('S91','2018-08-29', '2018-08-30', '2018-09-03'),
('S92','2018-09-05', '2018-09-06', '2018-09-10'),
('S93','2018-09-12', '2018-09-13', '2018-09-17'),
('S94','2018-09-19', '2018-09-20', '2018-09-24'),
('S95','2018-09-26', '2018-09-27', '2018-10-01'),
('S96','2018-10-03', '2018-10-04', '2018-10-08'),
('S97','2018-10-10', '2018-10-11', '2018-10-15'),
('S98','2018-10-17', '2018-10-18', '2018-10-22'),
('S99','2018-10-24', '2018-10-25', '2018-10-29'),
('S100','2018-10-31', '2018-11-01', '2018-11-05'),
('S101','2018-11-07', '2018-11-08', '2018-11-12'),
('S102','2018-11-14', '2018-11-15', '2018-11-19'),
('S103','2018-11-21', '2018-11-22', '2018-11-26'),
('S104','2018-11-28', '2018-11-29', '2018-12-03'),
('S105','2018-12-05', '2018-12-06', '2018-12-10'),
('S106','2018-12-12', '2018-12-13', '2018-12-17'),
('S107','2018-12-19', '2018-12-20', '2018-12-24'),
('S108','2018-12-26', '2018-12-27', '2018-12-31'),
('S109','2019-01-02', '2019-01-03', '2019-01-07'),
('S110','2019-01-09', '2019-01-10', '2019-01-14');

CREATE USER 'biobio'@'%' IDENTIFIED BY 'bio';GRANT SELECT, INSERT, UPDATE, DELETE ON *.* TO 'biobio'@'%' IDENTIFIED BY 'bio' WITH MAX_QUERIES_PER_HOUR 0 MAX_CONNECTIONS_PER_HOUR 0 MAX_UPDATES_PER_HOUR 0 MAX_USER_CONNECTIONS 0;GRANT ALL PRIVILEGES ON `BiorelaisBDD`.* TO 'biobio'@'%';
